Copyright 1986-2022 Xilinx, Inc. All Rights Reserved.
---------------------------------------------------------------------------------------------------------------------------------------------------------------------------------------------------------------------------
| Tool Version : Vivado v.2022.2 (lin64) Build 3671981 Fri Oct 14 04:59:54 MDT 2022
| Date         : Wed Apr 16 12:24:15 2025
| Host         : xavier running 64-bit Ubuntu 22.04.4 LTS
| Command      : report_timing_summary -max_paths 10 -report_unconstrained -file top_module_timing_summary_routed.rpt -pb top_module_timing_summary_routed.pb -rpx top_module_timing_summary_routed.rpx -warn_on_violation
| Design       : top_module
| Device       : 7a100t-csg324
| Speed File   : -1  PRODUCTION 1.23 2018-06-13
---------------------------------------------------------------------------------------------------------------------------------------------------------------------------------------------------------------------------

Timing Summary Report

------------------------------------------------------------------------------------------------
| Timer Settings
| --------------
------------------------------------------------------------------------------------------------

  Enable Multi Corner Analysis               :  Yes
  Enable Pessimism Removal                   :  Yes
  Pessimism Removal Resolution               :  Nearest Common Node
  Enable Input Delay Default Clock           :  No
  Enable Preset / Clear Arcs                 :  No
  Disable Flight Delays                      :  No
  Ignore I/O Paths                           :  No
  Timing Early Launch at Borrowing Latches   :  No
  Borrow Time for Max Delay Exceptions       :  Yes
  Merge Timing Exceptions                    :  Yes

  Corner  Analyze    Analyze    
  Name    Max Paths  Min Paths  
  ------  ---------  ---------  
  Slow    Yes        Yes        
  Fast    Yes        Yes        


------------------------------------------------------------------------------------------------
| Report Methodology
| ------------------
------------------------------------------------------------------------------------------------

Rule       Severity  Description                    Violations  
---------  --------  -----------------------------  ----------  
TIMING-18  Warning   Missing input or output delay  16          

Note: This report is based on the most recent report_methodology run and may not be up-to-date. Run report_methodology on the current design for the latest report.



check_timing report

Table of Contents
-----------------
1. checking no_clock (0)
2. checking constant_clock (0)
3. checking pulse_width_clock (0)
4. checking unconstrained_internal_endpoints (0)
5. checking no_input_delay (1)
6. checking no_output_delay (13)
7. checking multiple_clock (0)
8. checking generated_clocks (0)
9. checking loops (0)
10. checking partial_input_delay (0)
11. checking partial_output_delay (0)
12. checking latch_loops (0)

1. checking no_clock (0)
------------------------
 There are 0 register/latch pins with no clock.


2. checking constant_clock (0)
------------------------------
 There are 0 register/latch pins with constant_clock.


3. checking pulse_width_clock (0)
---------------------------------
 There are 0 register/latch pins which need pulse_width check


4. checking unconstrained_internal_endpoints (0)
------------------------------------------------
 There are 0 pins that are not constrained for maximum delay.

 There are 0 pins that are not constrained for maximum delay due to constant clock.


5. checking no_input_delay (1)
------------------------------
 There is 1 input port with no input delay specified. (HIGH)

 There are 0 input ports with no input delay but user has a false path constraint.


6. checking no_output_delay (13)
--------------------------------
 There are 13 ports with no output delay specified. (HIGH)

 There are 0 ports with no output delay but user has a false path constraint

 There are 0 ports with no output delay but with a timing clock defined on it or propagating through it


7. checking multiple_clock (0)
------------------------------
 There are 0 register/latch pins with multiple clocks.


8. checking generated_clocks (0)
--------------------------------
 There are 0 generated clocks that are not connected to a clock source.


9. checking loops (0)
---------------------
 There are 0 combinational loops in the design.


10. checking partial_input_delay (0)
------------------------------------
 There are 0 input ports with partial input delay specified.


11. checking partial_output_delay (0)
-------------------------------------
 There are 0 ports with partial output delay specified.


12. checking latch_loops (0)
----------------------------
 There are 0 combinational latch loops in the design through latch input



------------------------------------------------------------------------------------------------
| Design Timing Summary
| ---------------------
------------------------------------------------------------------------------------------------

    WNS(ns)      TNS(ns)  TNS Failing Endpoints  TNS Total Endpoints      WHS(ns)      THS(ns)  THS Failing Endpoints  THS Total Endpoints     WPWS(ns)     TPWS(ns)  TPWS Failing Endpoints  TPWS Total Endpoints  
    -------      -------  ---------------------  -------------------      -------      -------  ---------------------  -------------------     --------     --------  ----------------------  --------------------  
      4.934        0.000                      0                   22        0.314        0.000                      0                   22        4.500        0.000                       0                    23  


All user specified timing constraints are met.


------------------------------------------------------------------------------------------------
| Clock Summary
| -------------
------------------------------------------------------------------------------------------------

Clock        Waveform(ns)       Period(ns)      Frequency(MHz)
-----        ------------       ----------      --------------
sys_clk_pin  {0.000 5.000}      10.000          100.000         


------------------------------------------------------------------------------------------------
| Intra Clock Table
| -----------------
------------------------------------------------------------------------------------------------

Clock             WNS(ns)      TNS(ns)  TNS Failing Endpoints  TNS Total Endpoints      WHS(ns)      THS(ns)  THS Failing Endpoints  THS Total Endpoints     WPWS(ns)     TPWS(ns)  TPWS Failing Endpoints  TPWS Total Endpoints  
-----             -------      -------  ---------------------  -------------------      -------      -------  ---------------------  -------------------     --------     --------  ----------------------  --------------------  
sys_clk_pin         4.934        0.000                      0                   22        0.314        0.000                      0                   22        4.500        0.000                       0                    23  


------------------------------------------------------------------------------------------------
| Inter Clock Table
| -----------------
------------------------------------------------------------------------------------------------

From Clock    To Clock          WNS(ns)      TNS(ns)  TNS Failing Endpoints  TNS Total Endpoints      WHS(ns)      THS(ns)  THS Failing Endpoints  THS Total Endpoints  
----------    --------          -------      -------  ---------------------  -------------------      -------      -------  ---------------------  -------------------  


------------------------------------------------------------------------------------------------
| Other Path Groups Table
| -----------------------
------------------------------------------------------------------------------------------------

Path Group    From Clock    To Clock          WNS(ns)      TNS(ns)  TNS Failing Endpoints  TNS Total Endpoints      WHS(ns)      THS(ns)  THS Failing Endpoints  THS Total Endpoints  
----------    ----------    --------          -------      -------  ---------------------  -------------------      -------      -------  ---------------------  -------------------  


------------------------------------------------------------------------------------------------
| User Ignored Path Table
| -----------------------
------------------------------------------------------------------------------------------------

Path Group    From Clock    To Clock    
----------    ----------    --------    


------------------------------------------------------------------------------------------------
| Unconstrained Path Table
| ------------------------
------------------------------------------------------------------------------------------------

Path Group    From Clock    To Clock    
----------    ----------    --------    
(none)                                    
(none)        sys_clk_pin                 
(none)                      sys_clk_pin   


------------------------------------------------------------------------------------------------
| Timing Details
| --------------
------------------------------------------------------------------------------------------------


---------------------------------------------------------------------------------------------------
From Clock:  sys_clk_pin
  To Clock:  sys_clk_pin

Setup :            0  Failing Endpoints,  Worst Slack        4.934ns,  Total Violation        0.000ns
Hold  :            0  Failing Endpoints,  Worst Slack        0.314ns,  Total Violation        0.000ns
PW    :            0  Failing Endpoints,  Worst Slack        4.500ns,  Total Violation        0.000ns
---------------------------------------------------------------------------------------------------


Max Delay Paths
--------------------------------------------------------------------------------------
Slack (MET) :             4.934ns  (required time - arrival time)
  Source:                 FREQ_GENERATOR/counter_reg[8]/C
                            (rising edge-triggered cell FDCE clocked by sys_clk_pin  {rise@0.000ns fall@5.000ns period=10.000ns})
  Destination:            FREQ_GENERATOR/counter_reg[17]/D
                            (rising edge-triggered cell FDCE clocked by sys_clk_pin  {rise@0.000ns fall@5.000ns period=10.000ns})
  Path Group:             sys_clk_pin
  Path Type:              Setup (Max at Slow Process Corner)
  Requirement:            10.000ns  (sys_clk_pin rise@10.000ns - sys_clk_pin rise@0.000ns)
  Data Path Delay:        5.053ns  (logic 2.160ns (42.749%)  route 2.893ns (57.251%))
  Logic Levels:           9  (CARRY4=5 LUT3=1 LUT4=1 LUT6=2)
  Clock Path Skew:        -0.040ns (DCD - SCD + CPR)
    Destination Clock Delay (DCD):    5.011ns = ( 15.011 - 10.000 ) 
    Source Clock Delay      (SCD):    5.310ns
    Clock Pessimism Removal (CPR):    0.259ns
  Clock Uncertainty:      0.035ns  ((TSJ^2 + TIJ^2)^1/2 + DJ) / 2 + PE
    Total System Jitter     (TSJ):    0.071ns
    Total Input Jitter      (TIJ):    0.000ns
    Discrete Jitter          (DJ):    0.000ns
    Phase Error              (PE):    0.000ns

    Location             Delay type                Incr(ns)  Path(ns)    Netlist Resource(s)
  -------------------------------------------------------------------    -------------------
                         (clock sys_clk_pin rise edge)
                                                      0.000     0.000 r  
    E3                                                0.000     0.000 r  clk (IN)
                         net (fo=0)                   0.000     0.000    clk
    E3                   IBUF (Prop_ibuf_I_O)         1.482     1.482 r  clk_IBUF_inst/O
                         net (fo=1, routed)           2.025     3.506    clk_IBUF
    BUFGCTRL_X0Y16       BUFG (Prop_bufg_I_O)         0.096     3.602 r  clk_IBUF_BUFG_inst/O
                         net (fo=22, routed)          1.707     5.310    FREQ_GENERATOR/clk
    SLICE_X0Y73          FDCE                                         r  FREQ_GENERATOR/counter_reg[8]/C
  -------------------------------------------------------------------    -------------------
    SLICE_X0Y73          FDCE (Prop_fdce_C_Q)         0.456     5.766 f  FREQ_GENERATOR/counter_reg[8]/Q
                         net (fo=2, routed)           0.815     6.581    FREQ_GENERATOR/counter_reg[8]
    SLICE_X1Y72          LUT4 (Prop_lut4_I0_O)        0.124     6.705 f  FREQ_GENERATOR/display_counter[2]_i_7/O
                         net (fo=2, routed)           0.808     7.513    FREQ_GENERATOR/display_counter[2]_i_7_n_0
    SLICE_X1Y73          LUT6 (Prop_lut6_I2_O)        0.124     7.637 f  FREQ_GENERATOR/counter[0]_i_8/O
                         net (fo=1, routed)           0.433     8.069    FREQ_GENERATOR/counter[0]_i_8_n_0
    SLICE_X1Y73          LUT6 (Prop_lut6_I0_O)        0.124     8.193 r  FREQ_GENERATOR/counter[0]_i_7/O
                         net (fo=20, routed)          0.828     9.021    FREQ_GENERATOR/counter[0]_i_7_n_0
    SLICE_X0Y71          LUT3 (Prop_lut3_I1_O)        0.124     9.145 r  FREQ_GENERATOR/counter[0]_i_6/O
                         net (fo=1, routed)           0.000     9.145    FREQ_GENERATOR/counter[0]_i_6_n_0
    SLICE_X0Y71          CARRY4 (Prop_carry4_S[0]_CO[3])
                                                      0.532     9.677 r  FREQ_GENERATOR/counter_reg[0]_i_1/CO[3]
                         net (fo=1, routed)           0.000     9.677    FREQ_GENERATOR/counter_reg[0]_i_1_n_0
    SLICE_X0Y72          CARRY4 (Prop_carry4_CI_CO[3])
                                                      0.114     9.791 r  FREQ_GENERATOR/counter_reg[4]_i_1/CO[3]
                         net (fo=1, routed)           0.000     9.791    FREQ_GENERATOR/counter_reg[4]_i_1_n_0
    SLICE_X0Y73          CARRY4 (Prop_carry4_CI_CO[3])
                                                      0.114     9.905 r  FREQ_GENERATOR/counter_reg[8]_i_1/CO[3]
                         net (fo=1, routed)           0.000     9.905    FREQ_GENERATOR/counter_reg[8]_i_1_n_0
    SLICE_X0Y74          CARRY4 (Prop_carry4_CI_CO[3])
                                                      0.114    10.019 r  FREQ_GENERATOR/counter_reg[12]_i_1/CO[3]
                         net (fo=1, routed)           0.009    10.028    FREQ_GENERATOR/counter_reg[12]_i_1_n_0
    SLICE_X0Y75          CARRY4 (Prop_carry4_CI_O[1])
                                                      0.334    10.362 r  FREQ_GENERATOR/counter_reg[16]_i_1/O[1]
                         net (fo=1, routed)           0.000    10.362    FREQ_GENERATOR/counter_reg[16]_i_1_n_6
    SLICE_X0Y75          FDCE                                         r  FREQ_GENERATOR/counter_reg[17]/D
  -------------------------------------------------------------------    -------------------

                         (clock sys_clk_pin rise edge)
                                                     10.000    10.000 r  
    E3                                                0.000    10.000 r  clk (IN)
                         net (fo=0)                   0.000    10.000    clk
    E3                   IBUF (Prop_ibuf_I_O)         1.411    11.411 r  clk_IBUF_inst/O
                         net (fo=1, routed)           1.920    13.331    clk_IBUF
    BUFGCTRL_X0Y16       BUFG (Prop_bufg_I_O)         0.091    13.422 r  clk_IBUF_BUFG_inst/O
                         net (fo=22, routed)          1.588    15.011    FREQ_GENERATOR/clk
    SLICE_X0Y75          FDCE                                         r  FREQ_GENERATOR/counter_reg[17]/C
                         clock pessimism              0.259    15.270    
                         clock uncertainty           -0.035    15.234    
    SLICE_X0Y75          FDCE (Setup_fdce_C_D)        0.062    15.296    FREQ_GENERATOR/counter_reg[17]
  -------------------------------------------------------------------
                         required time                         15.296    
                         arrival time                         -10.362    
  -------------------------------------------------------------------
                         slack                                  4.934    

Slack (MET) :             5.029ns  (required time - arrival time)
  Source:                 FREQ_GENERATOR/counter_reg[8]/C
                            (rising edge-triggered cell FDCE clocked by sys_clk_pin  {rise@0.000ns fall@5.000ns period=10.000ns})
  Destination:            FREQ_GENERATOR/counter_reg[18]/D
                            (rising edge-triggered cell FDCE clocked by sys_clk_pin  {rise@0.000ns fall@5.000ns period=10.000ns})
  Path Group:             sys_clk_pin
  Path Type:              Setup (Max at Slow Process Corner)
  Requirement:            10.000ns  (sys_clk_pin rise@10.000ns - sys_clk_pin rise@0.000ns)
  Data Path Delay:        4.958ns  (logic 2.065ns (41.652%)  route 2.893ns (58.348%))
  Logic Levels:           9  (CARRY4=5 LUT3=1 LUT4=1 LUT6=2)
  Clock Path Skew:        -0.040ns (DCD - SCD + CPR)
    Destination Clock Delay (DCD):    5.011ns = ( 15.011 - 10.000 ) 
    Source Clock Delay      (SCD):    5.310ns
    Clock Pessimism Removal (CPR):    0.259ns
  Clock Uncertainty:      0.035ns  ((TSJ^2 + TIJ^2)^1/2 + DJ) / 2 + PE
    Total System Jitter     (TSJ):    0.071ns
    Total Input Jitter      (TIJ):    0.000ns
    Discrete Jitter          (DJ):    0.000ns
    Phase Error              (PE):    0.000ns

    Location             Delay type                Incr(ns)  Path(ns)    Netlist Resource(s)
  -------------------------------------------------------------------    -------------------
                         (clock sys_clk_pin rise edge)
                                                      0.000     0.000 r  
    E3                                                0.000     0.000 r  clk (IN)
                         net (fo=0)                   0.000     0.000    clk
    E3                   IBUF (Prop_ibuf_I_O)         1.482     1.482 r  clk_IBUF_inst/O
                         net (fo=1, routed)           2.025     3.506    clk_IBUF
    BUFGCTRL_X0Y16       BUFG (Prop_bufg_I_O)         0.096     3.602 r  clk_IBUF_BUFG_inst/O
                         net (fo=22, routed)          1.707     5.310    FREQ_GENERATOR/clk
    SLICE_X0Y73          FDCE                                         r  FREQ_GENERATOR/counter_reg[8]/C
  -------------------------------------------------------------------    -------------------
    SLICE_X0Y73          FDCE (Prop_fdce_C_Q)         0.456     5.766 f  FREQ_GENERATOR/counter_reg[8]/Q
                         net (fo=2, routed)           0.815     6.581    FREQ_GENERATOR/counter_reg[8]
    SLICE_X1Y72          LUT4 (Prop_lut4_I0_O)        0.124     6.705 f  FREQ_GENERATOR/display_counter[2]_i_7/O
                         net (fo=2, routed)           0.808     7.513    FREQ_GENERATOR/display_counter[2]_i_7_n_0
    SLICE_X1Y73          LUT6 (Prop_lut6_I2_O)        0.124     7.637 f  FREQ_GENERATOR/counter[0]_i_8/O
                         net (fo=1, routed)           0.433     8.069    FREQ_GENERATOR/counter[0]_i_8_n_0
    SLICE_X1Y73          LUT6 (Prop_lut6_I0_O)        0.124     8.193 r  FREQ_GENERATOR/counter[0]_i_7/O
                         net (fo=20, routed)          0.828     9.021    FREQ_GENERATOR/counter[0]_i_7_n_0
    SLICE_X0Y71          LUT3 (Prop_lut3_I1_O)        0.124     9.145 r  FREQ_GENERATOR/counter[0]_i_6/O
                         net (fo=1, routed)           0.000     9.145    FREQ_GENERATOR/counter[0]_i_6_n_0
    SLICE_X0Y71          CARRY4 (Prop_carry4_S[0]_CO[3])
                                                      0.532     9.677 r  FREQ_GENERATOR/counter_reg[0]_i_1/CO[3]
                         net (fo=1, routed)           0.000     9.677    FREQ_GENERATOR/counter_reg[0]_i_1_n_0
    SLICE_X0Y72          CARRY4 (Prop_carry4_CI_CO[3])
                                                      0.114     9.791 r  FREQ_GENERATOR/counter_reg[4]_i_1/CO[3]
                         net (fo=1, routed)           0.000     9.791    FREQ_GENERATOR/counter_reg[4]_i_1_n_0
    SLICE_X0Y73          CARRY4 (Prop_carry4_CI_CO[3])
                                                      0.114     9.905 r  FREQ_GENERATOR/counter_reg[8]_i_1/CO[3]
                         net (fo=1, routed)           0.000     9.905    FREQ_GENERATOR/counter_reg[8]_i_1_n_0
    SLICE_X0Y74          CARRY4 (Prop_carry4_CI_CO[3])
                                                      0.114    10.019 r  FREQ_GENERATOR/counter_reg[12]_i_1/CO[3]
                         net (fo=1, routed)           0.009    10.028    FREQ_GENERATOR/counter_reg[12]_i_1_n_0
    SLICE_X0Y75          CARRY4 (Prop_carry4_CI_O[2])
                                                      0.239    10.267 r  FREQ_GENERATOR/counter_reg[16]_i_1/O[2]
                         net (fo=1, routed)           0.000    10.267    FREQ_GENERATOR/counter_reg[16]_i_1_n_5
    SLICE_X0Y75          FDCE                                         r  FREQ_GENERATOR/counter_reg[18]/D
  -------------------------------------------------------------------    -------------------

                         (clock sys_clk_pin rise edge)
                                                     10.000    10.000 r  
    E3                                                0.000    10.000 r  clk (IN)
                         net (fo=0)                   0.000    10.000    clk
    E3                   IBUF (Prop_ibuf_I_O)         1.411    11.411 r  clk_IBUF_inst/O
                         net (fo=1, routed)           1.920    13.331    clk_IBUF
    BUFGCTRL_X0Y16       BUFG (Prop_bufg_I_O)         0.091    13.422 r  clk_IBUF_BUFG_inst/O
                         net (fo=22, routed)          1.588    15.011    FREQ_GENERATOR/clk
    SLICE_X0Y75          FDCE                                         r  FREQ_GENERATOR/counter_reg[18]/C
                         clock pessimism              0.259    15.270    
                         clock uncertainty           -0.035    15.234    
    SLICE_X0Y75          FDCE (Setup_fdce_C_D)        0.062    15.296    FREQ_GENERATOR/counter_reg[18]
  -------------------------------------------------------------------
                         required time                         15.296    
                         arrival time                         -10.267    
  -------------------------------------------------------------------
                         slack                                  5.029    

Slack (MET) :             5.045ns  (required time - arrival time)
  Source:                 FREQ_GENERATOR/counter_reg[8]/C
                            (rising edge-triggered cell FDCE clocked by sys_clk_pin  {rise@0.000ns fall@5.000ns period=10.000ns})
  Destination:            FREQ_GENERATOR/counter_reg[16]/D
                            (rising edge-triggered cell FDCE clocked by sys_clk_pin  {rise@0.000ns fall@5.000ns period=10.000ns})
  Path Group:             sys_clk_pin
  Path Type:              Setup (Max at Slow Process Corner)
  Requirement:            10.000ns  (sys_clk_pin rise@10.000ns - sys_clk_pin rise@0.000ns)
  Data Path Delay:        4.942ns  (logic 2.049ns (41.463%)  route 2.893ns (58.537%))
  Logic Levels:           9  (CARRY4=5 LUT3=1 LUT4=1 LUT6=2)
  Clock Path Skew:        -0.040ns (DCD - SCD + CPR)
    Destination Clock Delay (DCD):    5.011ns = ( 15.011 - 10.000 ) 
    Source Clock Delay      (SCD):    5.310ns
    Clock Pessimism Removal (CPR):    0.259ns
  Clock Uncertainty:      0.035ns  ((TSJ^2 + TIJ^2)^1/2 + DJ) / 2 + PE
    Total System Jitter     (TSJ):    0.071ns
    Total Input Jitter      (TIJ):    0.000ns
    Discrete Jitter          (DJ):    0.000ns
    Phase Error              (PE):    0.000ns

    Location             Delay type                Incr(ns)  Path(ns)    Netlist Resource(s)
  -------------------------------------------------------------------    -------------------
                         (clock sys_clk_pin rise edge)
                                                      0.000     0.000 r  
    E3                                                0.000     0.000 r  clk (IN)
                         net (fo=0)                   0.000     0.000    clk
    E3                   IBUF (Prop_ibuf_I_O)         1.482     1.482 r  clk_IBUF_inst/O
                         net (fo=1, routed)           2.025     3.506    clk_IBUF
    BUFGCTRL_X0Y16       BUFG (Prop_bufg_I_O)         0.096     3.602 r  clk_IBUF_BUFG_inst/O
                         net (fo=22, routed)          1.707     5.310    FREQ_GENERATOR/clk
    SLICE_X0Y73          FDCE                                         r  FREQ_GENERATOR/counter_reg[8]/C
  -------------------------------------------------------------------    -------------------
    SLICE_X0Y73          FDCE (Prop_fdce_C_Q)         0.456     5.766 f  FREQ_GENERATOR/counter_reg[8]/Q
                         net (fo=2, routed)           0.815     6.581    FREQ_GENERATOR/counter_reg[8]
    SLICE_X1Y72          LUT4 (Prop_lut4_I0_O)        0.124     6.705 f  FREQ_GENERATOR/display_counter[2]_i_7/O
                         net (fo=2, routed)           0.808     7.513    FREQ_GENERATOR/display_counter[2]_i_7_n_0
    SLICE_X1Y73          LUT6 (Prop_lut6_I2_O)        0.124     7.637 f  FREQ_GENERATOR/counter[0]_i_8/O
                         net (fo=1, routed)           0.433     8.069    FREQ_GENERATOR/counter[0]_i_8_n_0
    SLICE_X1Y73          LUT6 (Prop_lut6_I0_O)        0.124     8.193 r  FREQ_GENERATOR/counter[0]_i_7/O
                         net (fo=20, routed)          0.828     9.021    FREQ_GENERATOR/counter[0]_i_7_n_0
    SLICE_X0Y71          LUT3 (Prop_lut3_I1_O)        0.124     9.145 r  FREQ_GENERATOR/counter[0]_i_6/O
                         net (fo=1, routed)           0.000     9.145    FREQ_GENERATOR/counter[0]_i_6_n_0
    SLICE_X0Y71          CARRY4 (Prop_carry4_S[0]_CO[3])
                                                      0.532     9.677 r  FREQ_GENERATOR/counter_reg[0]_i_1/CO[3]
                         net (fo=1, routed)           0.000     9.677    FREQ_GENERATOR/counter_reg[0]_i_1_n_0
    SLICE_X0Y72          CARRY4 (Prop_carry4_CI_CO[3])
                                                      0.114     9.791 r  FREQ_GENERATOR/counter_reg[4]_i_1/CO[3]
                         net (fo=1, routed)           0.000     9.791    FREQ_GENERATOR/counter_reg[4]_i_1_n_0
    SLICE_X0Y73          CARRY4 (Prop_carry4_CI_CO[3])
                                                      0.114     9.905 r  FREQ_GENERATOR/counter_reg[8]_i_1/CO[3]
                         net (fo=1, routed)           0.000     9.905    FREQ_GENERATOR/counter_reg[8]_i_1_n_0
    SLICE_X0Y74          CARRY4 (Prop_carry4_CI_CO[3])
                                                      0.114    10.019 r  FREQ_GENERATOR/counter_reg[12]_i_1/CO[3]
                         net (fo=1, routed)           0.009    10.028    FREQ_GENERATOR/counter_reg[12]_i_1_n_0
    SLICE_X0Y75          CARRY4 (Prop_carry4_CI_O[0])
                                                      0.223    10.251 r  FREQ_GENERATOR/counter_reg[16]_i_1/O[0]
                         net (fo=1, routed)           0.000    10.251    FREQ_GENERATOR/counter_reg[16]_i_1_n_7
    SLICE_X0Y75          FDCE                                         r  FREQ_GENERATOR/counter_reg[16]/D
  -------------------------------------------------------------------    -------------------

                         (clock sys_clk_pin rise edge)
                                                     10.000    10.000 r  
    E3                                                0.000    10.000 r  clk (IN)
                         net (fo=0)                   0.000    10.000    clk
    E3                   IBUF (Prop_ibuf_I_O)         1.411    11.411 r  clk_IBUF_inst/O
                         net (fo=1, routed)           1.920    13.331    clk_IBUF
    BUFGCTRL_X0Y16       BUFG (Prop_bufg_I_O)         0.091    13.422 r  clk_IBUF_BUFG_inst/O
                         net (fo=22, routed)          1.588    15.011    FREQ_GENERATOR/clk
    SLICE_X0Y75          FDCE                                         r  FREQ_GENERATOR/counter_reg[16]/C
                         clock pessimism              0.259    15.270    
                         clock uncertainty           -0.035    15.234    
    SLICE_X0Y75          FDCE (Setup_fdce_C_D)        0.062    15.296    FREQ_GENERATOR/counter_reg[16]
  -------------------------------------------------------------------
                         required time                         15.296    
                         arrival time                         -10.251    
  -------------------------------------------------------------------
                         slack                                  5.045    

Slack (MET) :             5.073ns  (required time - arrival time)
  Source:                 FREQ_GENERATOR/counter_reg[8]/C
                            (rising edge-triggered cell FDCE clocked by sys_clk_pin  {rise@0.000ns fall@5.000ns period=10.000ns})
  Destination:            FREQ_GENERATOR/counter_reg[13]/D
                            (rising edge-triggered cell FDCE clocked by sys_clk_pin  {rise@0.000ns fall@5.000ns period=10.000ns})
  Path Group:             sys_clk_pin
  Path Type:              Setup (Max at Slow Process Corner)
  Requirement:            10.000ns  (sys_clk_pin rise@10.000ns - sys_clk_pin rise@0.000ns)
  Data Path Delay:        4.930ns  (logic 2.046ns (41.503%)  route 2.884ns (58.497%))
  Logic Levels:           8  (CARRY4=4 LUT3=1 LUT4=1 LUT6=2)
  Clock Path Skew:        -0.024ns (DCD - SCD + CPR)
    Destination Clock Delay (DCD):    5.011ns = ( 15.011 - 10.000 ) 
    Source Clock Delay      (SCD):    5.310ns
    Clock Pessimism Removal (CPR):    0.275ns
  Clock Uncertainty:      0.035ns  ((TSJ^2 + TIJ^2)^1/2 + DJ) / 2 + PE
    Total System Jitter     (TSJ):    0.071ns
    Total Input Jitter      (TIJ):    0.000ns
    Discrete Jitter          (DJ):    0.000ns
    Phase Error              (PE):    0.000ns

    Location             Delay type                Incr(ns)  Path(ns)    Netlist Resource(s)
  -------------------------------------------------------------------    -------------------
                         (clock sys_clk_pin rise edge)
                                                      0.000     0.000 r  
    E3                                                0.000     0.000 r  clk (IN)
                         net (fo=0)                   0.000     0.000    clk
    E3                   IBUF (Prop_ibuf_I_O)         1.482     1.482 r  clk_IBUF_inst/O
                         net (fo=1, routed)           2.025     3.506    clk_IBUF
    BUFGCTRL_X0Y16       BUFG (Prop_bufg_I_O)         0.096     3.602 r  clk_IBUF_BUFG_inst/O
                         net (fo=22, routed)          1.707     5.310    FREQ_GENERATOR/clk
    SLICE_X0Y73          FDCE                                         r  FREQ_GENERATOR/counter_reg[8]/C
  -------------------------------------------------------------------    -------------------
    SLICE_X0Y73          FDCE (Prop_fdce_C_Q)         0.456     5.766 f  FREQ_GENERATOR/counter_reg[8]/Q
                         net (fo=2, routed)           0.815     6.581    FREQ_GENERATOR/counter_reg[8]
    SLICE_X1Y72          LUT4 (Prop_lut4_I0_O)        0.124     6.705 f  FREQ_GENERATOR/display_counter[2]_i_7/O
                         net (fo=2, routed)           0.808     7.513    FREQ_GENERATOR/display_counter[2]_i_7_n_0
    SLICE_X1Y73          LUT6 (Prop_lut6_I2_O)        0.124     7.637 f  FREQ_GENERATOR/counter[0]_i_8/O
                         net (fo=1, routed)           0.433     8.069    FREQ_GENERATOR/counter[0]_i_8_n_0
    SLICE_X1Y73          LUT6 (Prop_lut6_I0_O)        0.124     8.193 r  FREQ_GENERATOR/counter[0]_i_7/O
                         net (fo=20, routed)          0.828     9.021    FREQ_GENERATOR/counter[0]_i_7_n_0
    SLICE_X0Y71          LUT3 (Prop_lut3_I1_O)        0.124     9.145 r  FREQ_GENERATOR/counter[0]_i_6/O
                         net (fo=1, routed)           0.000     9.145    FREQ_GENERATOR/counter[0]_i_6_n_0
    SLICE_X0Y71          CARRY4 (Prop_carry4_S[0]_CO[3])
                                                      0.532     9.677 r  FREQ_GENERATOR/counter_reg[0]_i_1/CO[3]
                         net (fo=1, routed)           0.000     9.677    FREQ_GENERATOR/counter_reg[0]_i_1_n_0
    SLICE_X0Y72          CARRY4 (Prop_carry4_CI_CO[3])
                                                      0.114     9.791 r  FREQ_GENERATOR/counter_reg[4]_i_1/CO[3]
                         net (fo=1, routed)           0.000     9.791    FREQ_GENERATOR/counter_reg[4]_i_1_n_0
    SLICE_X0Y73          CARRY4 (Prop_carry4_CI_CO[3])
                                                      0.114     9.905 r  FREQ_GENERATOR/counter_reg[8]_i_1/CO[3]
                         net (fo=1, routed)           0.000     9.905    FREQ_GENERATOR/counter_reg[8]_i_1_n_0
    SLICE_X0Y74          CARRY4 (Prop_carry4_CI_O[1])
                                                      0.334    10.239 r  FREQ_GENERATOR/counter_reg[12]_i_1/O[1]
                         net (fo=1, routed)           0.000    10.239    FREQ_GENERATOR/counter_reg[12]_i_1_n_6
    SLICE_X0Y74          FDCE                                         r  FREQ_GENERATOR/counter_reg[13]/D
  -------------------------------------------------------------------    -------------------

                         (clock sys_clk_pin rise edge)
                                                     10.000    10.000 r  
    E3                                                0.000    10.000 r  clk (IN)
                         net (fo=0)                   0.000    10.000    clk
    E3                   IBUF (Prop_ibuf_I_O)         1.411    11.411 r  clk_IBUF_inst/O
                         net (fo=1, routed)           1.920    13.331    clk_IBUF
    BUFGCTRL_X0Y16       BUFG (Prop_bufg_I_O)         0.091    13.422 r  clk_IBUF_BUFG_inst/O
                         net (fo=22, routed)          1.588    15.011    FREQ_GENERATOR/clk
    SLICE_X0Y74          FDCE                                         r  FREQ_GENERATOR/counter_reg[13]/C
                         clock pessimism              0.275    15.286    
                         clock uncertainty           -0.035    15.250    
    SLICE_X0Y74          FDCE (Setup_fdce_C_D)        0.062    15.312    FREQ_GENERATOR/counter_reg[13]
  -------------------------------------------------------------------
                         required time                         15.312    
                         arrival time                         -10.239    
  -------------------------------------------------------------------
                         slack                                  5.073    

Slack (MET) :             5.094ns  (required time - arrival time)
  Source:                 FREQ_GENERATOR/counter_reg[8]/C
                            (rising edge-triggered cell FDCE clocked by sys_clk_pin  {rise@0.000ns fall@5.000ns period=10.000ns})
  Destination:            FREQ_GENERATOR/counter_reg[15]/D
                            (rising edge-triggered cell FDCE clocked by sys_clk_pin  {rise@0.000ns fall@5.000ns period=10.000ns})
  Path Group:             sys_clk_pin
  Path Type:              Setup (Max at Slow Process Corner)
  Requirement:            10.000ns  (sys_clk_pin rise@10.000ns - sys_clk_pin rise@0.000ns)
  Data Path Delay:        4.909ns  (logic 2.025ns (41.253%)  route 2.884ns (58.747%))
  Logic Levels:           8  (CARRY4=4 LUT3=1 LUT4=1 LUT6=2)
  Clock Path Skew:        -0.024ns (DCD - SCD + CPR)
    Destination Clock Delay (DCD):    5.011ns = ( 15.011 - 10.000 ) 
    Source Clock Delay      (SCD):    5.310ns
    Clock Pessimism Removal (CPR):    0.275ns
  Clock Uncertainty:      0.035ns  ((TSJ^2 + TIJ^2)^1/2 + DJ) / 2 + PE
    Total System Jitter     (TSJ):    0.071ns
    Total Input Jitter      (TIJ):    0.000ns
    Discrete Jitter          (DJ):    0.000ns
    Phase Error              (PE):    0.000ns

    Location             Delay type                Incr(ns)  Path(ns)    Netlist Resource(s)
  -------------------------------------------------------------------    -------------------
                         (clock sys_clk_pin rise edge)
                                                      0.000     0.000 r  
    E3                                                0.000     0.000 r  clk (IN)
                         net (fo=0)                   0.000     0.000    clk
    E3                   IBUF (Prop_ibuf_I_O)         1.482     1.482 r  clk_IBUF_inst/O
                         net (fo=1, routed)           2.025     3.506    clk_IBUF
    BUFGCTRL_X0Y16       BUFG (Prop_bufg_I_O)         0.096     3.602 r  clk_IBUF_BUFG_inst/O
                         net (fo=22, routed)          1.707     5.310    FREQ_GENERATOR/clk
    SLICE_X0Y73          FDCE                                         r  FREQ_GENERATOR/counter_reg[8]/C
  -------------------------------------------------------------------    -------------------
    SLICE_X0Y73          FDCE (Prop_fdce_C_Q)         0.456     5.766 f  FREQ_GENERATOR/counter_reg[8]/Q
                         net (fo=2, routed)           0.815     6.581    FREQ_GENERATOR/counter_reg[8]
    SLICE_X1Y72          LUT4 (Prop_lut4_I0_O)        0.124     6.705 f  FREQ_GENERATOR/display_counter[2]_i_7/O
                         net (fo=2, routed)           0.808     7.513    FREQ_GENERATOR/display_counter[2]_i_7_n_0
    SLICE_X1Y73          LUT6 (Prop_lut6_I2_O)        0.124     7.637 f  FREQ_GENERATOR/counter[0]_i_8/O
                         net (fo=1, routed)           0.433     8.069    FREQ_GENERATOR/counter[0]_i_8_n_0
    SLICE_X1Y73          LUT6 (Prop_lut6_I0_O)        0.124     8.193 r  FREQ_GENERATOR/counter[0]_i_7/O
                         net (fo=20, routed)          0.828     9.021    FREQ_GENERATOR/counter[0]_i_7_n_0
    SLICE_X0Y71          LUT3 (Prop_lut3_I1_O)        0.124     9.145 r  FREQ_GENERATOR/counter[0]_i_6/O
                         net (fo=1, routed)           0.000     9.145    FREQ_GENERATOR/counter[0]_i_6_n_0
    SLICE_X0Y71          CARRY4 (Prop_carry4_S[0]_CO[3])
                                                      0.532     9.677 r  FREQ_GENERATOR/counter_reg[0]_i_1/CO[3]
                         net (fo=1, routed)           0.000     9.677    FREQ_GENERATOR/counter_reg[0]_i_1_n_0
    SLICE_X0Y72          CARRY4 (Prop_carry4_CI_CO[3])
                                                      0.114     9.791 r  FREQ_GENERATOR/counter_reg[4]_i_1/CO[3]
                         net (fo=1, routed)           0.000     9.791    FREQ_GENERATOR/counter_reg[4]_i_1_n_0
    SLICE_X0Y73          CARRY4 (Prop_carry4_CI_CO[3])
                                                      0.114     9.905 r  FREQ_GENERATOR/counter_reg[8]_i_1/CO[3]
                         net (fo=1, routed)           0.000     9.905    FREQ_GENERATOR/counter_reg[8]_i_1_n_0
    SLICE_X0Y74          CARRY4 (Prop_carry4_CI_O[3])
                                                      0.313    10.218 r  FREQ_GENERATOR/counter_reg[12]_i_1/O[3]
                         net (fo=1, routed)           0.000    10.218    FREQ_GENERATOR/counter_reg[12]_i_1_n_4
    SLICE_X0Y74          FDCE                                         r  FREQ_GENERATOR/counter_reg[15]/D
  -------------------------------------------------------------------    -------------------

                         (clock sys_clk_pin rise edge)
                                                     10.000    10.000 r  
    E3                                                0.000    10.000 r  clk (IN)
                         net (fo=0)                   0.000    10.000    clk
    E3                   IBUF (Prop_ibuf_I_O)         1.411    11.411 r  clk_IBUF_inst/O
                         net (fo=1, routed)           1.920    13.331    clk_IBUF
    BUFGCTRL_X0Y16       BUFG (Prop_bufg_I_O)         0.091    13.422 r  clk_IBUF_BUFG_inst/O
                         net (fo=22, routed)          1.588    15.011    FREQ_GENERATOR/clk
    SLICE_X0Y74          FDCE                                         r  FREQ_GENERATOR/counter_reg[15]/C
                         clock pessimism              0.275    15.286    
                         clock uncertainty           -0.035    15.250    
    SLICE_X0Y74          FDCE (Setup_fdce_C_D)        0.062    15.312    FREQ_GENERATOR/counter_reg[15]
  -------------------------------------------------------------------
                         required time                         15.312    
                         arrival time                         -10.218    
  -------------------------------------------------------------------
                         slack                                  5.094    

Slack (MET) :             5.168ns  (required time - arrival time)
  Source:                 FREQ_GENERATOR/counter_reg[8]/C
                            (rising edge-triggered cell FDCE clocked by sys_clk_pin  {rise@0.000ns fall@5.000ns period=10.000ns})
  Destination:            FREQ_GENERATOR/counter_reg[14]/D
                            (rising edge-triggered cell FDCE clocked by sys_clk_pin  {rise@0.000ns fall@5.000ns period=10.000ns})
  Path Group:             sys_clk_pin
  Path Type:              Setup (Max at Slow Process Corner)
  Requirement:            10.000ns  (sys_clk_pin rise@10.000ns - sys_clk_pin rise@0.000ns)
  Data Path Delay:        4.835ns  (logic 1.951ns (40.353%)  route 2.884ns (59.647%))
  Logic Levels:           8  (CARRY4=4 LUT3=1 LUT4=1 LUT6=2)
  Clock Path Skew:        -0.024ns (DCD - SCD + CPR)
    Destination Clock Delay (DCD):    5.011ns = ( 15.011 - 10.000 ) 
    Source Clock Delay      (SCD):    5.310ns
    Clock Pessimism Removal (CPR):    0.275ns
  Clock Uncertainty:      0.035ns  ((TSJ^2 + TIJ^2)^1/2 + DJ) / 2 + PE
    Total System Jitter     (TSJ):    0.071ns
    Total Input Jitter      (TIJ):    0.000ns
    Discrete Jitter          (DJ):    0.000ns
    Phase Error              (PE):    0.000ns

    Location             Delay type                Incr(ns)  Path(ns)    Netlist Resource(s)
  -------------------------------------------------------------------    -------------------
                         (clock sys_clk_pin rise edge)
                                                      0.000     0.000 r  
    E3                                                0.000     0.000 r  clk (IN)
                         net (fo=0)                   0.000     0.000    clk
    E3                   IBUF (Prop_ibuf_I_O)         1.482     1.482 r  clk_IBUF_inst/O
                         net (fo=1, routed)           2.025     3.506    clk_IBUF
    BUFGCTRL_X0Y16       BUFG (Prop_bufg_I_O)         0.096     3.602 r  clk_IBUF_BUFG_inst/O
                         net (fo=22, routed)          1.707     5.310    FREQ_GENERATOR/clk
    SLICE_X0Y73          FDCE                                         r  FREQ_GENERATOR/counter_reg[8]/C
  -------------------------------------------------------------------    -------------------
    SLICE_X0Y73          FDCE (Prop_fdce_C_Q)         0.456     5.766 f  FREQ_GENERATOR/counter_reg[8]/Q
                         net (fo=2, routed)           0.815     6.581    FREQ_GENERATOR/counter_reg[8]
    SLICE_X1Y72          LUT4 (Prop_lut4_I0_O)        0.124     6.705 f  FREQ_GENERATOR/display_counter[2]_i_7/O
                         net (fo=2, routed)           0.808     7.513    FREQ_GENERATOR/display_counter[2]_i_7_n_0
    SLICE_X1Y73          LUT6 (Prop_lut6_I2_O)        0.124     7.637 f  FREQ_GENERATOR/counter[0]_i_8/O
                         net (fo=1, routed)           0.433     8.069    FREQ_GENERATOR/counter[0]_i_8_n_0
    SLICE_X1Y73          LUT6 (Prop_lut6_I0_O)        0.124     8.193 r  FREQ_GENERATOR/counter[0]_i_7/O
                         net (fo=20, routed)          0.828     9.021    FREQ_GENERATOR/counter[0]_i_7_n_0
    SLICE_X0Y71          LUT3 (Prop_lut3_I1_O)        0.124     9.145 r  FREQ_GENERATOR/counter[0]_i_6/O
                         net (fo=1, routed)           0.000     9.145    FREQ_GENERATOR/counter[0]_i_6_n_0
    SLICE_X0Y71          CARRY4 (Prop_carry4_S[0]_CO[3])
                                                      0.532     9.677 r  FREQ_GENERATOR/counter_reg[0]_i_1/CO[3]
                         net (fo=1, routed)           0.000     9.677    FREQ_GENERATOR/counter_reg[0]_i_1_n_0
    SLICE_X0Y72          CARRY4 (Prop_carry4_CI_CO[3])
                                                      0.114     9.791 r  FREQ_GENERATOR/counter_reg[4]_i_1/CO[3]
                         net (fo=1, routed)           0.000     9.791    FREQ_GENERATOR/counter_reg[4]_i_1_n_0
    SLICE_X0Y73          CARRY4 (Prop_carry4_CI_CO[3])
                                                      0.114     9.905 r  FREQ_GENERATOR/counter_reg[8]_i_1/CO[3]
                         net (fo=1, routed)           0.000     9.905    FREQ_GENERATOR/counter_reg[8]_i_1_n_0
    SLICE_X0Y74          CARRY4 (Prop_carry4_CI_O[2])
                                                      0.239    10.144 r  FREQ_GENERATOR/counter_reg[12]_i_1/O[2]
                         net (fo=1, routed)           0.000    10.144    FREQ_GENERATOR/counter_reg[12]_i_1_n_5
    SLICE_X0Y74          FDCE                                         r  FREQ_GENERATOR/counter_reg[14]/D
  -------------------------------------------------------------------    -------------------

                         (clock sys_clk_pin rise edge)
                                                     10.000    10.000 r  
    E3                                                0.000    10.000 r  clk (IN)
                         net (fo=0)                   0.000    10.000    clk
    E3                   IBUF (Prop_ibuf_I_O)         1.411    11.411 r  clk_IBUF_inst/O
                         net (fo=1, routed)           1.920    13.331    clk_IBUF
    BUFGCTRL_X0Y16       BUFG (Prop_bufg_I_O)         0.091    13.422 r  clk_IBUF_BUFG_inst/O
                         net (fo=22, routed)          1.588    15.011    FREQ_GENERATOR/clk
    SLICE_X0Y74          FDCE                                         r  FREQ_GENERATOR/counter_reg[14]/C
                         clock pessimism              0.275    15.286    
                         clock uncertainty           -0.035    15.250    
    SLICE_X0Y74          FDCE (Setup_fdce_C_D)        0.062    15.312    FREQ_GENERATOR/counter_reg[14]
  -------------------------------------------------------------------
                         required time                         15.312    
                         arrival time                         -10.144    
  -------------------------------------------------------------------
                         slack                                  5.168    

Slack (MET) :             5.184ns  (required time - arrival time)
  Source:                 FREQ_GENERATOR/counter_reg[8]/C
                            (rising edge-triggered cell FDCE clocked by sys_clk_pin  {rise@0.000ns fall@5.000ns period=10.000ns})
  Destination:            FREQ_GENERATOR/counter_reg[12]/D
                            (rising edge-triggered cell FDCE clocked by sys_clk_pin  {rise@0.000ns fall@5.000ns period=10.000ns})
  Path Group:             sys_clk_pin
  Path Type:              Setup (Max at Slow Process Corner)
  Requirement:            10.000ns  (sys_clk_pin rise@10.000ns - sys_clk_pin rise@0.000ns)
  Data Path Delay:        4.819ns  (logic 1.935ns (40.155%)  route 2.884ns (59.845%))
  Logic Levels:           8  (CARRY4=4 LUT3=1 LUT4=1 LUT6=2)
  Clock Path Skew:        -0.024ns (DCD - SCD + CPR)
    Destination Clock Delay (DCD):    5.011ns = ( 15.011 - 10.000 ) 
    Source Clock Delay      (SCD):    5.310ns
    Clock Pessimism Removal (CPR):    0.275ns
  Clock Uncertainty:      0.035ns  ((TSJ^2 + TIJ^2)^1/2 + DJ) / 2 + PE
    Total System Jitter     (TSJ):    0.071ns
    Total Input Jitter      (TIJ):    0.000ns
    Discrete Jitter          (DJ):    0.000ns
    Phase Error              (PE):    0.000ns

    Location             Delay type                Incr(ns)  Path(ns)    Netlist Resource(s)
  -------------------------------------------------------------------    -------------------
                         (clock sys_clk_pin rise edge)
                                                      0.000     0.000 r  
    E3                                                0.000     0.000 r  clk (IN)
                         net (fo=0)                   0.000     0.000    clk
    E3                   IBUF (Prop_ibuf_I_O)         1.482     1.482 r  clk_IBUF_inst/O
                         net (fo=1, routed)           2.025     3.506    clk_IBUF
    BUFGCTRL_X0Y16       BUFG (Prop_bufg_I_O)         0.096     3.602 r  clk_IBUF_BUFG_inst/O
                         net (fo=22, routed)          1.707     5.310    FREQ_GENERATOR/clk
    SLICE_X0Y73          FDCE                                         r  FREQ_GENERATOR/counter_reg[8]/C
  -------------------------------------------------------------------    -------------------
    SLICE_X0Y73          FDCE (Prop_fdce_C_Q)         0.456     5.766 f  FREQ_GENERATOR/counter_reg[8]/Q
                         net (fo=2, routed)           0.815     6.581    FREQ_GENERATOR/counter_reg[8]
    SLICE_X1Y72          LUT4 (Prop_lut4_I0_O)        0.124     6.705 f  FREQ_GENERATOR/display_counter[2]_i_7/O
                         net (fo=2, routed)           0.808     7.513    FREQ_GENERATOR/display_counter[2]_i_7_n_0
    SLICE_X1Y73          LUT6 (Prop_lut6_I2_O)        0.124     7.637 f  FREQ_GENERATOR/counter[0]_i_8/O
                         net (fo=1, routed)           0.433     8.069    FREQ_GENERATOR/counter[0]_i_8_n_0
    SLICE_X1Y73          LUT6 (Prop_lut6_I0_O)        0.124     8.193 r  FREQ_GENERATOR/counter[0]_i_7/O
                         net (fo=20, routed)          0.828     9.021    FREQ_GENERATOR/counter[0]_i_7_n_0
    SLICE_X0Y71          LUT3 (Prop_lut3_I1_O)        0.124     9.145 r  FREQ_GENERATOR/counter[0]_i_6/O
                         net (fo=1, routed)           0.000     9.145    FREQ_GENERATOR/counter[0]_i_6_n_0
    SLICE_X0Y71          CARRY4 (Prop_carry4_S[0]_CO[3])
                                                      0.532     9.677 r  FREQ_GENERATOR/counter_reg[0]_i_1/CO[3]
                         net (fo=1, routed)           0.000     9.677    FREQ_GENERATOR/counter_reg[0]_i_1_n_0
    SLICE_X0Y72          CARRY4 (Prop_carry4_CI_CO[3])
                                                      0.114     9.791 r  FREQ_GENERATOR/counter_reg[4]_i_1/CO[3]
                         net (fo=1, routed)           0.000     9.791    FREQ_GENERATOR/counter_reg[4]_i_1_n_0
    SLICE_X0Y73          CARRY4 (Prop_carry4_CI_CO[3])
                                                      0.114     9.905 r  FREQ_GENERATOR/counter_reg[8]_i_1/CO[3]
                         net (fo=1, routed)           0.000     9.905    FREQ_GENERATOR/counter_reg[8]_i_1_n_0
    SLICE_X0Y74          CARRY4 (Prop_carry4_CI_O[0])
                                                      0.223    10.128 r  FREQ_GENERATOR/counter_reg[12]_i_1/O[0]
                         net (fo=1, routed)           0.000    10.128    FREQ_GENERATOR/counter_reg[12]_i_1_n_7
    SLICE_X0Y74          FDCE                                         r  FREQ_GENERATOR/counter_reg[12]/D
  -------------------------------------------------------------------    -------------------

                         (clock sys_clk_pin rise edge)
                                                     10.000    10.000 r  
    E3                                                0.000    10.000 r  clk (IN)
                         net (fo=0)                   0.000    10.000    clk
    E3                   IBUF (Prop_ibuf_I_O)         1.411    11.411 r  clk_IBUF_inst/O
                         net (fo=1, routed)           1.920    13.331    clk_IBUF
    BUFGCTRL_X0Y16       BUFG (Prop_bufg_I_O)         0.091    13.422 r  clk_IBUF_BUFG_inst/O
                         net (fo=22, routed)          1.588    15.011    FREQ_GENERATOR/clk
    SLICE_X0Y74          FDCE                                         r  FREQ_GENERATOR/counter_reg[12]/C
                         clock pessimism              0.275    15.286    
                         clock uncertainty           -0.035    15.250    
    SLICE_X0Y74          FDCE (Setup_fdce_C_D)        0.062    15.312    FREQ_GENERATOR/counter_reg[12]
  -------------------------------------------------------------------
                         required time                         15.312    
                         arrival time                         -10.128    
  -------------------------------------------------------------------
                         slack                                  5.184    

Slack (MET) :             5.211ns  (required time - arrival time)
  Source:                 FREQ_GENERATOR/counter_reg[8]/C
                            (rising edge-triggered cell FDCE clocked by sys_clk_pin  {rise@0.000ns fall@5.000ns period=10.000ns})
  Destination:            FREQ_GENERATOR/counter_reg[9]/D
                            (rising edge-triggered cell FDCE clocked by sys_clk_pin  {rise@0.000ns fall@5.000ns period=10.000ns})
  Path Group:             sys_clk_pin
  Path Type:              Setup (Max at Slow Process Corner)
  Requirement:            10.000ns  (sys_clk_pin rise@10.000ns - sys_clk_pin rise@0.000ns)
  Data Path Delay:        4.816ns  (logic 1.932ns (40.118%)  route 2.884ns (59.882%))
  Logic Levels:           7  (CARRY4=3 LUT3=1 LUT4=1 LUT6=2)
  Clock Path Skew:        0.000ns (DCD - SCD + CPR)
    Destination Clock Delay (DCD):    5.013ns = ( 15.013 - 10.000 ) 
    Source Clock Delay      (SCD):    5.310ns
    Clock Pessimism Removal (CPR):    0.297ns
  Clock Uncertainty:      0.035ns  ((TSJ^2 + TIJ^2)^1/2 + DJ) / 2 + PE
    Total System Jitter     (TSJ):    0.071ns
    Total Input Jitter      (TIJ):    0.000ns
    Discrete Jitter          (DJ):    0.000ns
    Phase Error              (PE):    0.000ns

    Location             Delay type                Incr(ns)  Path(ns)    Netlist Resource(s)
  -------------------------------------------------------------------    -------------------
                         (clock sys_clk_pin rise edge)
                                                      0.000     0.000 r  
    E3                                                0.000     0.000 r  clk (IN)
                         net (fo=0)                   0.000     0.000    clk
    E3                   IBUF (Prop_ibuf_I_O)         1.482     1.482 r  clk_IBUF_inst/O
                         net (fo=1, routed)           2.025     3.506    clk_IBUF
    BUFGCTRL_X0Y16       BUFG (Prop_bufg_I_O)         0.096     3.602 r  clk_IBUF_BUFG_inst/O
                         net (fo=22, routed)          1.707     5.310    FREQ_GENERATOR/clk
    SLICE_X0Y73          FDCE                                         r  FREQ_GENERATOR/counter_reg[8]/C
  -------------------------------------------------------------------    -------------------
    SLICE_X0Y73          FDCE (Prop_fdce_C_Q)         0.456     5.766 f  FREQ_GENERATOR/counter_reg[8]/Q
                         net (fo=2, routed)           0.815     6.581    FREQ_GENERATOR/counter_reg[8]
    SLICE_X1Y72          LUT4 (Prop_lut4_I0_O)        0.124     6.705 f  FREQ_GENERATOR/display_counter[2]_i_7/O
                         net (fo=2, routed)           0.808     7.513    FREQ_GENERATOR/display_counter[2]_i_7_n_0
    SLICE_X1Y73          LUT6 (Prop_lut6_I2_O)        0.124     7.637 f  FREQ_GENERATOR/counter[0]_i_8/O
                         net (fo=1, routed)           0.433     8.069    FREQ_GENERATOR/counter[0]_i_8_n_0
    SLICE_X1Y73          LUT6 (Prop_lut6_I0_O)        0.124     8.193 r  FREQ_GENERATOR/counter[0]_i_7/O
                         net (fo=20, routed)          0.828     9.021    FREQ_GENERATOR/counter[0]_i_7_n_0
    SLICE_X0Y71          LUT3 (Prop_lut3_I1_O)        0.124     9.145 r  FREQ_GENERATOR/counter[0]_i_6/O
                         net (fo=1, routed)           0.000     9.145    FREQ_GENERATOR/counter[0]_i_6_n_0
    SLICE_X0Y71          CARRY4 (Prop_carry4_S[0]_CO[3])
                                                      0.532     9.677 r  FREQ_GENERATOR/counter_reg[0]_i_1/CO[3]
                         net (fo=1, routed)           0.000     9.677    FREQ_GENERATOR/counter_reg[0]_i_1_n_0
    SLICE_X0Y72          CARRY4 (Prop_carry4_CI_CO[3])
                                                      0.114     9.791 r  FREQ_GENERATOR/counter_reg[4]_i_1/CO[3]
                         net (fo=1, routed)           0.000     9.791    FREQ_GENERATOR/counter_reg[4]_i_1_n_0
    SLICE_X0Y73          CARRY4 (Prop_carry4_CI_O[1])
                                                      0.334    10.125 r  FREQ_GENERATOR/counter_reg[8]_i_1/O[1]
                         net (fo=1, routed)           0.000    10.125    FREQ_GENERATOR/counter_reg[8]_i_1_n_6
    SLICE_X0Y73          FDCE                                         r  FREQ_GENERATOR/counter_reg[9]/D
  -------------------------------------------------------------------    -------------------

                         (clock sys_clk_pin rise edge)
                                                     10.000    10.000 r  
    E3                                                0.000    10.000 r  clk (IN)
                         net (fo=0)                   0.000    10.000    clk
    E3                   IBUF (Prop_ibuf_I_O)         1.411    11.411 r  clk_IBUF_inst/O
                         net (fo=1, routed)           1.920    13.331    clk_IBUF
    BUFGCTRL_X0Y16       BUFG (Prop_bufg_I_O)         0.091    13.422 r  clk_IBUF_BUFG_inst/O
                         net (fo=22, routed)          1.590    15.013    FREQ_GENERATOR/clk
    SLICE_X0Y73          FDCE                                         r  FREQ_GENERATOR/counter_reg[9]/C
                         clock pessimism              0.297    15.310    
                         clock uncertainty           -0.035    15.274    
    SLICE_X0Y73          FDCE (Setup_fdce_C_D)        0.062    15.336    FREQ_GENERATOR/counter_reg[9]
  -------------------------------------------------------------------
                         required time                         15.336    
                         arrival time                         -10.125    
  -------------------------------------------------------------------
                         slack                                  5.211    

Slack (MET) :             5.232ns  (required time - arrival time)
  Source:                 FREQ_GENERATOR/counter_reg[8]/C
                            (rising edge-triggered cell FDCE clocked by sys_clk_pin  {rise@0.000ns fall@5.000ns period=10.000ns})
  Destination:            FREQ_GENERATOR/counter_reg[11]/D
                            (rising edge-triggered cell FDCE clocked by sys_clk_pin  {rise@0.000ns fall@5.000ns period=10.000ns})
  Path Group:             sys_clk_pin
  Path Type:              Setup (Max at Slow Process Corner)
  Requirement:            10.000ns  (sys_clk_pin rise@10.000ns - sys_clk_pin rise@0.000ns)
  Data Path Delay:        4.795ns  (logic 1.911ns (39.856%)  route 2.884ns (60.144%))
  Logic Levels:           7  (CARRY4=3 LUT3=1 LUT4=1 LUT6=2)
  Clock Path Skew:        0.000ns (DCD - SCD + CPR)
    Destination Clock Delay (DCD):    5.013ns = ( 15.013 - 10.000 ) 
    Source Clock Delay      (SCD):    5.310ns
    Clock Pessimism Removal (CPR):    0.297ns
  Clock Uncertainty:      0.035ns  ((TSJ^2 + TIJ^2)^1/2 + DJ) / 2 + PE
    Total System Jitter     (TSJ):    0.071ns
    Total Input Jitter      (TIJ):    0.000ns
    Discrete Jitter          (DJ):    0.000ns
    Phase Error              (PE):    0.000ns

    Location             Delay type                Incr(ns)  Path(ns)    Netlist Resource(s)
  -------------------------------------------------------------------    -------------------
                         (clock sys_clk_pin rise edge)
                                                      0.000     0.000 r  
    E3                                                0.000     0.000 r  clk (IN)
                         net (fo=0)                   0.000     0.000    clk
    E3                   IBUF (Prop_ibuf_I_O)         1.482     1.482 r  clk_IBUF_inst/O
                         net (fo=1, routed)           2.025     3.506    clk_IBUF
    BUFGCTRL_X0Y16       BUFG (Prop_bufg_I_O)         0.096     3.602 r  clk_IBUF_BUFG_inst/O
                         net (fo=22, routed)          1.707     5.310    FREQ_GENERATOR/clk
    SLICE_X0Y73          FDCE                                         r  FREQ_GENERATOR/counter_reg[8]/C
  -------------------------------------------------------------------    -------------------
    SLICE_X0Y73          FDCE (Prop_fdce_C_Q)         0.456     5.766 f  FREQ_GENERATOR/counter_reg[8]/Q
                         net (fo=2, routed)           0.815     6.581    FREQ_GENERATOR/counter_reg[8]
    SLICE_X1Y72          LUT4 (Prop_lut4_I0_O)        0.124     6.705 f  FREQ_GENERATOR/display_counter[2]_i_7/O
                         net (fo=2, routed)           0.808     7.513    FREQ_GENERATOR/display_counter[2]_i_7_n_0
    SLICE_X1Y73          LUT6 (Prop_lut6_I2_O)        0.124     7.637 f  FREQ_GENERATOR/counter[0]_i_8/O
                         net (fo=1, routed)           0.433     8.069    FREQ_GENERATOR/counter[0]_i_8_n_0
    SLICE_X1Y73          LUT6 (Prop_lut6_I0_O)        0.124     8.193 r  FREQ_GENERATOR/counter[0]_i_7/O
                         net (fo=20, routed)          0.828     9.021    FREQ_GENERATOR/counter[0]_i_7_n_0
    SLICE_X0Y71          LUT3 (Prop_lut3_I1_O)        0.124     9.145 r  FREQ_GENERATOR/counter[0]_i_6/O
                         net (fo=1, routed)           0.000     9.145    FREQ_GENERATOR/counter[0]_i_6_n_0
    SLICE_X0Y71          CARRY4 (Prop_carry4_S[0]_CO[3])
                                                      0.532     9.677 r  FREQ_GENERATOR/counter_reg[0]_i_1/CO[3]
                         net (fo=1, routed)           0.000     9.677    FREQ_GENERATOR/counter_reg[0]_i_1_n_0
    SLICE_X0Y72          CARRY4 (Prop_carry4_CI_CO[3])
                                                      0.114     9.791 r  FREQ_GENERATOR/counter_reg[4]_i_1/CO[3]
                         net (fo=1, routed)           0.000     9.791    FREQ_GENERATOR/counter_reg[4]_i_1_n_0
    SLICE_X0Y73          CARRY4 (Prop_carry4_CI_O[3])
                                                      0.313    10.104 r  FREQ_GENERATOR/counter_reg[8]_i_1/O[3]
                         net (fo=1, routed)           0.000    10.104    FREQ_GENERATOR/counter_reg[8]_i_1_n_4
    SLICE_X0Y73          FDCE                                         r  FREQ_GENERATOR/counter_reg[11]/D
  -------------------------------------------------------------------    -------------------

                         (clock sys_clk_pin rise edge)
                                                     10.000    10.000 r  
    E3                                                0.000    10.000 r  clk (IN)
                         net (fo=0)                   0.000    10.000    clk
    E3                   IBUF (Prop_ibuf_I_O)         1.411    11.411 r  clk_IBUF_inst/O
                         net (fo=1, routed)           1.920    13.331    clk_IBUF
    BUFGCTRL_X0Y16       BUFG (Prop_bufg_I_O)         0.091    13.422 r  clk_IBUF_BUFG_inst/O
                         net (fo=22, routed)          1.590    15.013    FREQ_GENERATOR/clk
    SLICE_X0Y73          FDCE                                         r  FREQ_GENERATOR/counter_reg[11]/C
                         clock pessimism              0.297    15.310    
                         clock uncertainty           -0.035    15.274    
    SLICE_X0Y73          FDCE (Setup_fdce_C_D)        0.062    15.336    FREQ_GENERATOR/counter_reg[11]
  -------------------------------------------------------------------
                         required time                         15.336    
                         arrival time                         -10.104    
  -------------------------------------------------------------------
                         slack                                  5.232    

Slack (MET) :             5.304ns  (required time - arrival time)
  Source:                 FREQ_GENERATOR/counter_reg[8]/C
                            (rising edge-triggered cell FDCE clocked by sys_clk_pin  {rise@0.000ns fall@5.000ns period=10.000ns})
  Destination:            FREQ_GENERATOR/counter_reg[5]/D
                            (rising edge-triggered cell FDCE clocked by sys_clk_pin  {rise@0.000ns fall@5.000ns period=10.000ns})
  Path Group:             sys_clk_pin
  Path Type:              Setup (Max at Slow Process Corner)
  Requirement:            10.000ns  (sys_clk_pin rise@10.000ns - sys_clk_pin rise@0.000ns)
  Data Path Delay:        4.702ns  (logic 1.818ns (38.666%)  route 2.884ns (61.334%))
  Logic Levels:           6  (CARRY4=2 LUT3=1 LUT4=1 LUT6=2)
  Clock Path Skew:        -0.021ns (DCD - SCD + CPR)
    Destination Clock Delay (DCD):    5.014ns = ( 15.014 - 10.000 ) 
    Source Clock Delay      (SCD):    5.310ns
    Clock Pessimism Removal (CPR):    0.275ns
  Clock Uncertainty:      0.035ns  ((TSJ^2 + TIJ^2)^1/2 + DJ) / 2 + PE
    Total System Jitter     (TSJ):    0.071ns
    Total Input Jitter      (TIJ):    0.000ns
    Discrete Jitter          (DJ):    0.000ns
    Phase Error              (PE):    0.000ns

    Location             Delay type                Incr(ns)  Path(ns)    Netlist Resource(s)
  -------------------------------------------------------------------    -------------------
                         (clock sys_clk_pin rise edge)
                                                      0.000     0.000 r  
    E3                                                0.000     0.000 r  clk (IN)
                         net (fo=0)                   0.000     0.000    clk
    E3                   IBUF (Prop_ibuf_I_O)         1.482     1.482 r  clk_IBUF_inst/O
                         net (fo=1, routed)           2.025     3.506    clk_IBUF
    BUFGCTRL_X0Y16       BUFG (Prop_bufg_I_O)         0.096     3.602 r  clk_IBUF_BUFG_inst/O
                         net (fo=22, routed)          1.707     5.310    FREQ_GENERATOR/clk
    SLICE_X0Y73          FDCE                                         r  FREQ_GENERATOR/counter_reg[8]/C
  -------------------------------------------------------------------    -------------------
    SLICE_X0Y73          FDCE (Prop_fdce_C_Q)         0.456     5.766 f  FREQ_GENERATOR/counter_reg[8]/Q
                         net (fo=2, routed)           0.815     6.581    FREQ_GENERATOR/counter_reg[8]
    SLICE_X1Y72          LUT4 (Prop_lut4_I0_O)        0.124     6.705 f  FREQ_GENERATOR/display_counter[2]_i_7/O
                         net (fo=2, routed)           0.808     7.513    FREQ_GENERATOR/display_counter[2]_i_7_n_0
    SLICE_X1Y73          LUT6 (Prop_lut6_I2_O)        0.124     7.637 f  FREQ_GENERATOR/counter[0]_i_8/O
                         net (fo=1, routed)           0.433     8.069    FREQ_GENERATOR/counter[0]_i_8_n_0
    SLICE_X1Y73          LUT6 (Prop_lut6_I0_O)        0.124     8.193 r  FREQ_GENERATOR/counter[0]_i_7/O
                         net (fo=20, routed)          0.828     9.021    FREQ_GENERATOR/counter[0]_i_7_n_0
    SLICE_X0Y71          LUT3 (Prop_lut3_I1_O)        0.124     9.145 r  FREQ_GENERATOR/counter[0]_i_6/O
                         net (fo=1, routed)           0.000     9.145    FREQ_GENERATOR/counter[0]_i_6_n_0
    SLICE_X0Y71          CARRY4 (Prop_carry4_S[0]_CO[3])
                                                      0.532     9.677 r  FREQ_GENERATOR/counter_reg[0]_i_1/CO[3]
                         net (fo=1, routed)           0.000     9.677    FREQ_GENERATOR/counter_reg[0]_i_1_n_0
    SLICE_X0Y72          CARRY4 (Prop_carry4_CI_O[1])
                                                      0.334    10.011 r  FREQ_GENERATOR/counter_reg[4]_i_1/O[1]
                         net (fo=1, routed)           0.000    10.011    FREQ_GENERATOR/counter_reg[4]_i_1_n_6
    SLICE_X0Y72          FDCE                                         r  FREQ_GENERATOR/counter_reg[5]/D
  -------------------------------------------------------------------    -------------------

                         (clock sys_clk_pin rise edge)
                                                     10.000    10.000 r  
    E3                                                0.000    10.000 r  clk (IN)
                         net (fo=0)                   0.000    10.000    clk
    E3                   IBUF (Prop_ibuf_I_O)         1.411    11.411 r  clk_IBUF_inst/O
                         net (fo=1, routed)           1.920    13.331    clk_IBUF
    BUFGCTRL_X0Y16       BUFG (Prop_bufg_I_O)         0.091    13.422 r  clk_IBUF_BUFG_inst/O
                         net (fo=22, routed)          1.591    15.014    FREQ_GENERATOR/clk
    SLICE_X0Y72          FDCE                                         r  FREQ_GENERATOR/counter_reg[5]/C
                         clock pessimism              0.275    15.289    
                         clock uncertainty           -0.035    15.253    
    SLICE_X0Y72          FDCE (Setup_fdce_C_D)        0.062    15.315    FREQ_GENERATOR/counter_reg[5]
  -------------------------------------------------------------------
                         required time                         15.315    
                         arrival time                         -10.011    
  -------------------------------------------------------------------
                         slack                                  5.304    





Min Delay Paths
--------------------------------------------------------------------------------------
Slack (MET) :             0.314ns  (arrival time - required time)
  Source:                 FREQ_GENERATOR/counter_reg[18]/C
                            (rising edge-triggered cell FDCE clocked by sys_clk_pin  {rise@0.000ns fall@5.000ns period=10.000ns})
  Destination:            FREQ_GENERATOR/counter_reg[13]/D
                            (rising edge-triggered cell FDCE clocked by sys_clk_pin  {rise@0.000ns fall@5.000ns period=10.000ns})
  Path Group:             sys_clk_pin
  Path Type:              Hold (Min at Fast Process Corner)
  Requirement:            0.000ns  (sys_clk_pin rise@0.000ns - sys_clk_pin rise@0.000ns)
  Data Path Delay:        0.455ns  (logic 0.251ns (55.143%)  route 0.204ns (44.857%))
  Logic Levels:           2  (CARRY4=1 LUT3=1)
  Clock Path Skew:        0.036ns (DCD - SCD - CPR)
    Destination Clock Delay (DCD):    2.026ns
    Source Clock Delay      (SCD):    1.510ns
    Clock Pessimism Removal (CPR):    0.479ns

    Location             Delay type                Incr(ns)  Path(ns)    Netlist Resource(s)
  -------------------------------------------------------------------    -------------------
                         (clock sys_clk_pin rise edge)
                                                      0.000     0.000 r  
    E3                                                0.000     0.000 r  clk (IN)
                         net (fo=0)                   0.000     0.000    clk
    E3                   IBUF (Prop_ibuf_I_O)         0.250     0.250 r  clk_IBUF_inst/O
                         net (fo=1, routed)           0.644     0.894    clk_IBUF
    BUFGCTRL_X0Y16       BUFG (Prop_bufg_I_O)         0.026     0.920 r  clk_IBUF_BUFG_inst/O
                         net (fo=22, routed)          0.591     1.510    FREQ_GENERATOR/clk
    SLICE_X0Y75          FDCE                                         r  FREQ_GENERATOR/counter_reg[18]/C
  -------------------------------------------------------------------    -------------------
    SLICE_X0Y75          FDCE (Prop_fdce_C_Q)         0.141     1.651 f  FREQ_GENERATOR/counter_reg[18]/Q
                         net (fo=21, routed)          0.204     1.856    FREQ_GENERATOR/counter_reg[18]
    SLICE_X0Y74          LUT3 (Prop_lut3_I0_O)        0.045     1.901 r  FREQ_GENERATOR/counter[12]_i_4/O
                         net (fo=1, routed)           0.000     1.901    FREQ_GENERATOR/counter[12]_i_4_n_0
    SLICE_X0Y74          CARRY4 (Prop_carry4_S[1]_O[1])
                                                      0.065     1.966 r  FREQ_GENERATOR/counter_reg[12]_i_1/O[1]
                         net (fo=1, routed)           0.000     1.966    FREQ_GENERATOR/counter_reg[12]_i_1_n_6
    SLICE_X0Y74          FDCE                                         r  FREQ_GENERATOR/counter_reg[13]/D
  -------------------------------------------------------------------    -------------------

                         (clock sys_clk_pin rise edge)
                                                      0.000     0.000 r  
    E3                                                0.000     0.000 r  clk (IN)
                         net (fo=0)                   0.000     0.000    clk
    E3                   IBUF (Prop_ibuf_I_O)         0.438     0.438 r  clk_IBUF_inst/O
                         net (fo=1, routed)           0.699     1.136    clk_IBUF
    BUFGCTRL_X0Y16       BUFG (Prop_bufg_I_O)         0.029     1.165 r  clk_IBUF_BUFG_inst/O
                         net (fo=22, routed)          0.861     2.026    FREQ_GENERATOR/clk
    SLICE_X0Y74          FDCE                                         r  FREQ_GENERATOR/counter_reg[13]/C
                         clock pessimism             -0.479     1.546    
    SLICE_X0Y74          FDCE (Hold_fdce_C_D)         0.105     1.651    FREQ_GENERATOR/counter_reg[13]
  -------------------------------------------------------------------
                         required time                         -1.651    
                         arrival time                           1.966    
  -------------------------------------------------------------------
                         slack                                  0.314    

Slack (MET) :             0.316ns  (arrival time - required time)
  Source:                 FREQ_GENERATOR/counter_reg[15]/C
                            (rising edge-triggered cell FDCE clocked by sys_clk_pin  {rise@0.000ns fall@5.000ns period=10.000ns})
  Destination:            FREQ_GENERATOR/counter_reg[15]/D
                            (rising edge-triggered cell FDCE clocked by sys_clk_pin  {rise@0.000ns fall@5.000ns period=10.000ns})
  Path Group:             sys_clk_pin
  Path Type:              Hold (Min at Fast Process Corner)
  Requirement:            0.000ns  (sys_clk_pin rise@0.000ns - sys_clk_pin rise@0.000ns)
  Data Path Delay:        0.421ns  (logic 0.249ns (59.140%)  route 0.172ns (40.860%))
  Logic Levels:           2  (CARRY4=1 LUT3=1)
  Clock Path Skew:        0.000ns (DCD - SCD - CPR)
    Destination Clock Delay (DCD):    2.026ns
    Source Clock Delay      (SCD):    1.510ns
    Clock Pessimism Removal (CPR):    0.515ns

    Location             Delay type                Incr(ns)  Path(ns)    Netlist Resource(s)
  -------------------------------------------------------------------    -------------------
                         (clock sys_clk_pin rise edge)
                                                      0.000     0.000 r  
    E3                                                0.000     0.000 r  clk (IN)
                         net (fo=0)                   0.000     0.000    clk
    E3                   IBUF (Prop_ibuf_I_O)         0.250     0.250 r  clk_IBUF_inst/O
                         net (fo=1, routed)           0.644     0.894    clk_IBUF
    BUFGCTRL_X0Y16       BUFG (Prop_bufg_I_O)         0.026     0.920 r  clk_IBUF_BUFG_inst/O
                         net (fo=22, routed)          0.591     1.510    FREQ_GENERATOR/clk
    SLICE_X0Y74          FDCE                                         r  FREQ_GENERATOR/counter_reg[15]/C
  -------------------------------------------------------------------    -------------------
    SLICE_X0Y74          FDCE (Prop_fdce_C_Q)         0.141     1.651 r  FREQ_GENERATOR/counter_reg[15]/Q
                         net (fo=2, routed)           0.172     1.823    FREQ_GENERATOR/counter_reg[15]
    SLICE_X0Y74          LUT3 (Prop_lut3_I2_O)        0.045     1.868 r  FREQ_GENERATOR/counter[12]_i_2/O
                         net (fo=1, routed)           0.000     1.868    FREQ_GENERATOR/counter[12]_i_2_n_0
    SLICE_X0Y74          CARRY4 (Prop_carry4_S[3]_O[3])
                                                      0.063     1.931 r  FREQ_GENERATOR/counter_reg[12]_i_1/O[3]
                         net (fo=1, routed)           0.000     1.931    FREQ_GENERATOR/counter_reg[12]_i_1_n_4
    SLICE_X0Y74          FDCE                                         r  FREQ_GENERATOR/counter_reg[15]/D
  -------------------------------------------------------------------    -------------------

                         (clock sys_clk_pin rise edge)
                                                      0.000     0.000 r  
    E3                                                0.000     0.000 r  clk (IN)
                         net (fo=0)                   0.000     0.000    clk
    E3                   IBUF (Prop_ibuf_I_O)         0.438     0.438 r  clk_IBUF_inst/O
                         net (fo=1, routed)           0.699     1.136    clk_IBUF
    BUFGCTRL_X0Y16       BUFG (Prop_bufg_I_O)         0.029     1.165 r  clk_IBUF_BUFG_inst/O
                         net (fo=22, routed)          0.861     2.026    FREQ_GENERATOR/clk
    SLICE_X0Y74          FDCE                                         r  FREQ_GENERATOR/counter_reg[15]/C
                         clock pessimism             -0.515     1.510    
    SLICE_X0Y74          FDCE (Hold_fdce_C_D)         0.105     1.615    FREQ_GENERATOR/counter_reg[15]
  -------------------------------------------------------------------
                         required time                         -1.615    
                         arrival time                           1.931    
  -------------------------------------------------------------------
                         slack                                  0.316    

Slack (MET) :             0.316ns  (arrival time - required time)
  Source:                 FREQ_GENERATOR/counter_reg[7]/C
                            (rising edge-triggered cell FDCE clocked by sys_clk_pin  {rise@0.000ns fall@5.000ns period=10.000ns})
  Destination:            FREQ_GENERATOR/counter_reg[7]/D
                            (rising edge-triggered cell FDCE clocked by sys_clk_pin  {rise@0.000ns fall@5.000ns period=10.000ns})
  Path Group:             sys_clk_pin
  Path Type:              Hold (Min at Fast Process Corner)
  Requirement:            0.000ns  (sys_clk_pin rise@0.000ns - sys_clk_pin rise@0.000ns)
  Data Path Delay:        0.421ns  (logic 0.249ns (59.140%)  route 0.172ns (40.860%))
  Logic Levels:           2  (CARRY4=1 LUT3=1)
  Clock Path Skew:        0.000ns (DCD - SCD - CPR)
    Destination Clock Delay (DCD):    2.029ns
    Source Clock Delay      (SCD):    1.513ns
    Clock Pessimism Removal (CPR):    0.515ns

    Location             Delay type                Incr(ns)  Path(ns)    Netlist Resource(s)
  -------------------------------------------------------------------    -------------------
                         (clock sys_clk_pin rise edge)
                                                      0.000     0.000 r  
    E3                                                0.000     0.000 r  clk (IN)
                         net (fo=0)                   0.000     0.000    clk
    E3                   IBUF (Prop_ibuf_I_O)         0.250     0.250 r  clk_IBUF_inst/O
                         net (fo=1, routed)           0.644     0.894    clk_IBUF
    BUFGCTRL_X0Y16       BUFG (Prop_bufg_I_O)         0.026     0.920 r  clk_IBUF_BUFG_inst/O
                         net (fo=22, routed)          0.594     1.513    FREQ_GENERATOR/clk
    SLICE_X0Y72          FDCE                                         r  FREQ_GENERATOR/counter_reg[7]/C
  -------------------------------------------------------------------    -------------------
    SLICE_X0Y72          FDCE (Prop_fdce_C_Q)         0.141     1.654 r  FREQ_GENERATOR/counter_reg[7]/Q
                         net (fo=2, routed)           0.172     1.826    FREQ_GENERATOR/counter_reg[7]
    SLICE_X0Y72          LUT3 (Prop_lut3_I2_O)        0.045     1.871 r  FREQ_GENERATOR/counter[4]_i_2/O
                         net (fo=1, routed)           0.000     1.871    FREQ_GENERATOR/counter[4]_i_2_n_0
    SLICE_X0Y72          CARRY4 (Prop_carry4_S[3]_O[3])
                                                      0.063     1.934 r  FREQ_GENERATOR/counter_reg[4]_i_1/O[3]
                         net (fo=1, routed)           0.000     1.934    FREQ_GENERATOR/counter_reg[4]_i_1_n_4
    SLICE_X0Y72          FDCE                                         r  FREQ_GENERATOR/counter_reg[7]/D
  -------------------------------------------------------------------    -------------------

                         (clock sys_clk_pin rise edge)
                                                      0.000     0.000 r  
    E3                                                0.000     0.000 r  clk (IN)
                         net (fo=0)                   0.000     0.000    clk
    E3                   IBUF (Prop_ibuf_I_O)         0.438     0.438 r  clk_IBUF_inst/O
                         net (fo=1, routed)           0.699     1.136    clk_IBUF
    BUFGCTRL_X0Y16       BUFG (Prop_bufg_I_O)         0.029     1.165 r  clk_IBUF_BUFG_inst/O
                         net (fo=22, routed)          0.864     2.029    FREQ_GENERATOR/clk
    SLICE_X0Y72          FDCE                                         r  FREQ_GENERATOR/counter_reg[7]/C
                         clock pessimism             -0.515     1.513    
    SLICE_X0Y72          FDCE (Hold_fdce_C_D)         0.105     1.618    FREQ_GENERATOR/counter_reg[7]
  -------------------------------------------------------------------
                         required time                         -1.618    
                         arrival time                           1.934    
  -------------------------------------------------------------------
                         slack                                  0.316    

Slack (MET) :             0.317ns  (arrival time - required time)
  Source:                 FREQ_GENERATOR/counter_reg[3]/C
                            (rising edge-triggered cell FDCE clocked by sys_clk_pin  {rise@0.000ns fall@5.000ns period=10.000ns})
  Destination:            FREQ_GENERATOR/counter_reg[3]/D
                            (rising edge-triggered cell FDCE clocked by sys_clk_pin  {rise@0.000ns fall@5.000ns period=10.000ns})
  Path Group:             sys_clk_pin
  Path Type:              Hold (Min at Fast Process Corner)
  Requirement:            0.000ns  (sys_clk_pin rise@0.000ns - sys_clk_pin rise@0.000ns)
  Data Path Delay:        0.422ns  (logic 0.249ns (58.987%)  route 0.173ns (41.013%))
  Logic Levels:           2  (CARRY4=1 LUT3=1)
  Clock Path Skew:        0.000ns (DCD - SCD - CPR)
    Destination Clock Delay (DCD):    2.030ns
    Source Clock Delay      (SCD):    1.513ns
    Clock Pessimism Removal (CPR):    0.516ns

    Location             Delay type                Incr(ns)  Path(ns)    Netlist Resource(s)
  -------------------------------------------------------------------    -------------------
                         (clock sys_clk_pin rise edge)
                                                      0.000     0.000 r  
    E3                                                0.000     0.000 r  clk (IN)
                         net (fo=0)                   0.000     0.000    clk
    E3                   IBUF (Prop_ibuf_I_O)         0.250     0.250 r  clk_IBUF_inst/O
                         net (fo=1, routed)           0.644     0.894    clk_IBUF
    BUFGCTRL_X0Y16       BUFG (Prop_bufg_I_O)         0.026     0.920 r  clk_IBUF_BUFG_inst/O
                         net (fo=22, routed)          0.594     1.513    FREQ_GENERATOR/clk
    SLICE_X0Y71          FDCE                                         r  FREQ_GENERATOR/counter_reg[3]/C
  -------------------------------------------------------------------    -------------------
    SLICE_X0Y71          FDCE (Prop_fdce_C_Q)         0.141     1.654 r  FREQ_GENERATOR/counter_reg[3]/Q
                         net (fo=3, routed)           0.173     1.827    FREQ_GENERATOR/counter_reg[3]
    SLICE_X0Y71          LUT3 (Prop_lut3_I2_O)        0.045     1.872 r  FREQ_GENERATOR/counter[0]_i_3/O
                         net (fo=1, routed)           0.000     1.872    FREQ_GENERATOR/counter[0]_i_3_n_0
    SLICE_X0Y71          CARRY4 (Prop_carry4_S[3]_O[3])
                                                      0.063     1.935 r  FREQ_GENERATOR/counter_reg[0]_i_1/O[3]
                         net (fo=1, routed)           0.000     1.935    FREQ_GENERATOR/counter_reg[0]_i_1_n_4
    SLICE_X0Y71          FDCE                                         r  FREQ_GENERATOR/counter_reg[3]/D
  -------------------------------------------------------------------    -------------------

                         (clock sys_clk_pin rise edge)
                                                      0.000     0.000 r  
    E3                                                0.000     0.000 r  clk (IN)
                         net (fo=0)                   0.000     0.000    clk
    E3                   IBUF (Prop_ibuf_I_O)         0.438     0.438 r  clk_IBUF_inst/O
                         net (fo=1, routed)           0.699     1.136    clk_IBUF
    BUFGCTRL_X0Y16       BUFG (Prop_bufg_I_O)         0.029     1.165 r  clk_IBUF_BUFG_inst/O
                         net (fo=22, routed)          0.865     2.030    FREQ_GENERATOR/clk
    SLICE_X0Y71          FDCE                                         r  FREQ_GENERATOR/counter_reg[3]/C
                         clock pessimism             -0.516     1.513    
    SLICE_X0Y71          FDCE (Hold_fdce_C_D)         0.105     1.618    FREQ_GENERATOR/counter_reg[3]
  -------------------------------------------------------------------
                         required time                         -1.618    
                         arrival time                           1.935    
  -------------------------------------------------------------------
                         slack                                  0.317    

Slack (MET) :             0.320ns  (arrival time - required time)
  Source:                 FREQ_GENERATOR/counter_reg[18]/C
                            (rising edge-triggered cell FDCE clocked by sys_clk_pin  {rise@0.000ns fall@5.000ns period=10.000ns})
  Destination:            FREQ_GENERATOR/counter_reg[12]/D
                            (rising edge-triggered cell FDCE clocked by sys_clk_pin  {rise@0.000ns fall@5.000ns period=10.000ns})
  Path Group:             sys_clk_pin
  Path Type:              Hold (Min at Fast Process Corner)
  Requirement:            0.000ns  (sys_clk_pin rise@0.000ns - sys_clk_pin rise@0.000ns)
  Data Path Delay:        0.461ns  (logic 0.256ns (55.510%)  route 0.205ns (44.490%))
  Logic Levels:           2  (CARRY4=1 LUT3=1)
  Clock Path Skew:        0.036ns (DCD - SCD - CPR)
    Destination Clock Delay (DCD):    2.026ns
    Source Clock Delay      (SCD):    1.510ns
    Clock Pessimism Removal (CPR):    0.479ns

    Location             Delay type                Incr(ns)  Path(ns)    Netlist Resource(s)
  -------------------------------------------------------------------    -------------------
                         (clock sys_clk_pin rise edge)
                                                      0.000     0.000 r  
    E3                                                0.000     0.000 r  clk (IN)
                         net (fo=0)                   0.000     0.000    clk
    E3                   IBUF (Prop_ibuf_I_O)         0.250     0.250 r  clk_IBUF_inst/O
                         net (fo=1, routed)           0.644     0.894    clk_IBUF
    BUFGCTRL_X0Y16       BUFG (Prop_bufg_I_O)         0.026     0.920 r  clk_IBUF_BUFG_inst/O
                         net (fo=22, routed)          0.591     1.510    FREQ_GENERATOR/clk
    SLICE_X0Y75          FDCE                                         r  FREQ_GENERATOR/counter_reg[18]/C
  -------------------------------------------------------------------    -------------------
    SLICE_X0Y75          FDCE (Prop_fdce_C_Q)         0.141     1.651 f  FREQ_GENERATOR/counter_reg[18]/Q
                         net (fo=21, routed)          0.205     1.857    FREQ_GENERATOR/counter_reg[18]
    SLICE_X0Y74          LUT3 (Prop_lut3_I0_O)        0.045     1.902 r  FREQ_GENERATOR/counter[12]_i_5/O
                         net (fo=1, routed)           0.000     1.902    FREQ_GENERATOR/counter[12]_i_5_n_0
    SLICE_X0Y74          CARRY4 (Prop_carry4_S[0]_O[0])
                                                      0.070     1.972 r  FREQ_GENERATOR/counter_reg[12]_i_1/O[0]
                         net (fo=1, routed)           0.000     1.972    FREQ_GENERATOR/counter_reg[12]_i_1_n_7
    SLICE_X0Y74          FDCE                                         r  FREQ_GENERATOR/counter_reg[12]/D
  -------------------------------------------------------------------    -------------------

                         (clock sys_clk_pin rise edge)
                                                      0.000     0.000 r  
    E3                                                0.000     0.000 r  clk (IN)
                         net (fo=0)                   0.000     0.000    clk
    E3                   IBUF (Prop_ibuf_I_O)         0.438     0.438 r  clk_IBUF_inst/O
                         net (fo=1, routed)           0.699     1.136    clk_IBUF
    BUFGCTRL_X0Y16       BUFG (Prop_bufg_I_O)         0.029     1.165 r  clk_IBUF_BUFG_inst/O
                         net (fo=22, routed)          0.861     2.026    FREQ_GENERATOR/clk
    SLICE_X0Y74          FDCE                                         r  FREQ_GENERATOR/counter_reg[12]/C
                         clock pessimism             -0.479     1.546    
    SLICE_X0Y74          FDCE (Hold_fdce_C_D)         0.105     1.651    FREQ_GENERATOR/counter_reg[12]
  -------------------------------------------------------------------
                         required time                         -1.651    
                         arrival time                           1.972    
  -------------------------------------------------------------------
                         slack                                  0.320    

Slack (MET) :             0.327ns  (arrival time - required time)
  Source:                 FREQ_GENERATOR/counter_reg[11]/C
                            (rising edge-triggered cell FDCE clocked by sys_clk_pin  {rise@0.000ns fall@5.000ns period=10.000ns})
  Destination:            FREQ_GENERATOR/counter_reg[11]/D
                            (rising edge-triggered cell FDCE clocked by sys_clk_pin  {rise@0.000ns fall@5.000ns period=10.000ns})
  Path Group:             sys_clk_pin
  Path Type:              Hold (Min at Fast Process Corner)
  Requirement:            0.000ns  (sys_clk_pin rise@0.000ns - sys_clk_pin rise@0.000ns)
  Data Path Delay:        0.432ns  (logic 0.249ns (57.648%)  route 0.183ns (42.352%))
  Logic Levels:           2  (CARRY4=1 LUT3=1)
  Clock Path Skew:        0.000ns (DCD - SCD - CPR)
    Destination Clock Delay (DCD):    2.027ns
    Source Clock Delay      (SCD):    1.511ns
    Clock Pessimism Removal (CPR):    0.515ns

    Location             Delay type                Incr(ns)  Path(ns)    Netlist Resource(s)
  -------------------------------------------------------------------    -------------------
                         (clock sys_clk_pin rise edge)
                                                      0.000     0.000 r  
    E3                                                0.000     0.000 r  clk (IN)
                         net (fo=0)                   0.000     0.000    clk
    E3                   IBUF (Prop_ibuf_I_O)         0.250     0.250 r  clk_IBUF_inst/O
                         net (fo=1, routed)           0.644     0.894    clk_IBUF
    BUFGCTRL_X0Y16       BUFG (Prop_bufg_I_O)         0.026     0.920 r  clk_IBUF_BUFG_inst/O
                         net (fo=22, routed)          0.592     1.511    FREQ_GENERATOR/clk
    SLICE_X0Y73          FDCE                                         r  FREQ_GENERATOR/counter_reg[11]/C
  -------------------------------------------------------------------    -------------------
    SLICE_X0Y73          FDCE (Prop_fdce_C_Q)         0.141     1.652 r  FREQ_GENERATOR/counter_reg[11]/Q
                         net (fo=3, routed)           0.183     1.835    FREQ_GENERATOR/counter_reg[11]
    SLICE_X0Y73          LUT3 (Prop_lut3_I2_O)        0.045     1.880 r  FREQ_GENERATOR/counter[8]_i_2/O
                         net (fo=1, routed)           0.000     1.880    FREQ_GENERATOR/counter[8]_i_2_n_0
    SLICE_X0Y73          CARRY4 (Prop_carry4_S[3]_O[3])
                                                      0.063     1.943 r  FREQ_GENERATOR/counter_reg[8]_i_1/O[3]
                         net (fo=1, routed)           0.000     1.943    FREQ_GENERATOR/counter_reg[8]_i_1_n_4
    SLICE_X0Y73          FDCE                                         r  FREQ_GENERATOR/counter_reg[11]/D
  -------------------------------------------------------------------    -------------------

                         (clock sys_clk_pin rise edge)
                                                      0.000     0.000 r  
    E3                                                0.000     0.000 r  clk (IN)
                         net (fo=0)                   0.000     0.000    clk
    E3                   IBUF (Prop_ibuf_I_O)         0.438     0.438 r  clk_IBUF_inst/O
                         net (fo=1, routed)           0.699     1.136    clk_IBUF
    BUFGCTRL_X0Y16       BUFG (Prop_bufg_I_O)         0.029     1.165 r  clk_IBUF_BUFG_inst/O
                         net (fo=22, routed)          0.862     2.027    FREQ_GENERATOR/clk
    SLICE_X0Y73          FDCE                                         r  FREQ_GENERATOR/counter_reg[11]/C
                         clock pessimism             -0.515     1.511    
    SLICE_X0Y73          FDCE (Hold_fdce_C_D)         0.105     1.616    FREQ_GENERATOR/counter_reg[11]
  -------------------------------------------------------------------
                         required time                         -1.616    
                         arrival time                           1.943    
  -------------------------------------------------------------------
                         slack                                  0.327    

Slack (MET) :             0.332ns  (arrival time - required time)
  Source:                 DISP_CONTROLLER/display_counter_reg[1]/C
                            (rising edge-triggered cell FDCE clocked by sys_clk_pin  {rise@0.000ns fall@5.000ns period=10.000ns})
  Destination:            DISP_CONTROLLER/display_counter_reg[2]/D
                            (rising edge-triggered cell FDCE clocked by sys_clk_pin  {rise@0.000ns fall@5.000ns period=10.000ns})
  Path Group:             sys_clk_pin
  Path Type:              Hold (Min at Fast Process Corner)
  Requirement:            0.000ns  (sys_clk_pin rise@0.000ns - sys_clk_pin rise@0.000ns)
  Data Path Delay:        0.439ns  (logic 0.184ns (41.951%)  route 0.255ns (58.049%))
  Logic Levels:           1  (LUT4=1)
  Clock Path Skew:        0.000ns (DCD - SCD - CPR)
    Destination Clock Delay (DCD):    2.029ns
    Source Clock Delay      (SCD):    1.513ns
    Clock Pessimism Removal (CPR):    0.515ns

    Location             Delay type                Incr(ns)  Path(ns)    Netlist Resource(s)
  -------------------------------------------------------------------    -------------------
                         (clock sys_clk_pin rise edge)
                                                      0.000     0.000 r  
    E3                                                0.000     0.000 r  clk (IN)
                         net (fo=0)                   0.000     0.000    clk
    E3                   IBUF (Prop_ibuf_I_O)         0.250     0.250 r  clk_IBUF_inst/O
                         net (fo=1, routed)           0.644     0.894    clk_IBUF
    BUFGCTRL_X0Y16       BUFG (Prop_bufg_I_O)         0.026     0.920 r  clk_IBUF_BUFG_inst/O
                         net (fo=22, routed)          0.594     1.513    DISP_CONTROLLER/clk_IBUF_BUFG
    SLICE_X1Y72          FDCE                                         r  DISP_CONTROLLER/display_counter_reg[1]/C
  -------------------------------------------------------------------    -------------------
    SLICE_X1Y72          FDCE (Prop_fdce_C_Q)         0.141     1.654 r  DISP_CONTROLLER/display_counter_reg[1]/Q
                         net (fo=17, routed)          0.255     1.909    DISP_CONTROLLER/display_counter_reg_n_0_[1]
    SLICE_X1Y72          LUT4 (Prop_lut4_I0_O)        0.043     1.952 r  DISP_CONTROLLER/display_counter[2]_i_1/O
                         net (fo=1, routed)           0.000     1.952    DISP_CONTROLLER/display_counter[2]_i_1_n_0
    SLICE_X1Y72          FDCE                                         r  DISP_CONTROLLER/display_counter_reg[2]/D
  -------------------------------------------------------------------    -------------------

                         (clock sys_clk_pin rise edge)
                                                      0.000     0.000 r  
    E3                                                0.000     0.000 r  clk (IN)
                         net (fo=0)                   0.000     0.000    clk
    E3                   IBUF (Prop_ibuf_I_O)         0.438     0.438 r  clk_IBUF_inst/O
                         net (fo=1, routed)           0.699     1.136    clk_IBUF
    BUFGCTRL_X0Y16       BUFG (Prop_bufg_I_O)         0.029     1.165 r  clk_IBUF_BUFG_inst/O
                         net (fo=22, routed)          0.864     2.029    DISP_CONTROLLER/clk_IBUF_BUFG
    SLICE_X1Y72          FDCE                                         r  DISP_CONTROLLER/display_counter_reg[2]/C
                         clock pessimism             -0.515     1.513    
    SLICE_X1Y72          FDCE (Hold_fdce_C_D)         0.107     1.620    DISP_CONTROLLER/display_counter_reg[2]
  -------------------------------------------------------------------
                         required time                         -1.620    
                         arrival time                           1.952    
  -------------------------------------------------------------------
                         slack                                  0.332    

Slack (MET) :             0.336ns  (arrival time - required time)
  Source:                 FREQ_GENERATOR/counter_reg[4]/C
                            (rising edge-triggered cell FDCE clocked by sys_clk_pin  {rise@0.000ns fall@5.000ns period=10.000ns})
  Destination:            FREQ_GENERATOR/counter_reg[4]/D
                            (rising edge-triggered cell FDCE clocked by sys_clk_pin  {rise@0.000ns fall@5.000ns period=10.000ns})
  Path Group:             sys_clk_pin
  Path Type:              Hold (Min at Fast Process Corner)
  Requirement:            0.000ns  (sys_clk_pin rise@0.000ns - sys_clk_pin rise@0.000ns)
  Data Path Delay:        0.441ns  (logic 0.256ns (58.085%)  route 0.185ns (41.915%))
  Logic Levels:           2  (CARRY4=1 LUT3=1)
  Clock Path Skew:        0.000ns (DCD - SCD - CPR)
    Destination Clock Delay (DCD):    2.029ns
    Source Clock Delay      (SCD):    1.513ns
    Clock Pessimism Removal (CPR):    0.515ns

    Location             Delay type                Incr(ns)  Path(ns)    Netlist Resource(s)
  -------------------------------------------------------------------    -------------------
                         (clock sys_clk_pin rise edge)
                                                      0.000     0.000 r  
    E3                                                0.000     0.000 r  clk (IN)
                         net (fo=0)                   0.000     0.000    clk
    E3                   IBUF (Prop_ibuf_I_O)         0.250     0.250 r  clk_IBUF_inst/O
                         net (fo=1, routed)           0.644     0.894    clk_IBUF
    BUFGCTRL_X0Y16       BUFG (Prop_bufg_I_O)         0.026     0.920 r  clk_IBUF_BUFG_inst/O
                         net (fo=22, routed)          0.594     1.513    FREQ_GENERATOR/clk
    SLICE_X0Y72          FDCE                                         r  FREQ_GENERATOR/counter_reg[4]/C
  -------------------------------------------------------------------    -------------------
    SLICE_X0Y72          FDCE (Prop_fdce_C_Q)         0.141     1.654 r  FREQ_GENERATOR/counter_reg[4]/Q
                         net (fo=3, routed)           0.185     1.839    FREQ_GENERATOR/counter_reg[4]
    SLICE_X0Y72          LUT3 (Prop_lut3_I2_O)        0.045     1.884 r  FREQ_GENERATOR/counter[4]_i_5/O
                         net (fo=1, routed)           0.000     1.884    FREQ_GENERATOR/counter[4]_i_5_n_0
    SLICE_X0Y72          CARRY4 (Prop_carry4_S[0]_O[0])
                                                      0.070     1.954 r  FREQ_GENERATOR/counter_reg[4]_i_1/O[0]
                         net (fo=1, routed)           0.000     1.954    FREQ_GENERATOR/counter_reg[4]_i_1_n_7
    SLICE_X0Y72          FDCE                                         r  FREQ_GENERATOR/counter_reg[4]/D
  -------------------------------------------------------------------    -------------------

                         (clock sys_clk_pin rise edge)
                                                      0.000     0.000 r  
    E3                                                0.000     0.000 r  clk (IN)
                         net (fo=0)                   0.000     0.000    clk
    E3                   IBUF (Prop_ibuf_I_O)         0.438     0.438 r  clk_IBUF_inst/O
                         net (fo=1, routed)           0.699     1.136    clk_IBUF
    BUFGCTRL_X0Y16       BUFG (Prop_bufg_I_O)         0.029     1.165 r  clk_IBUF_BUFG_inst/O
                         net (fo=22, routed)          0.864     2.029    FREQ_GENERATOR/clk
    SLICE_X0Y72          FDCE                                         r  FREQ_GENERATOR/counter_reg[4]/C
                         clock pessimism             -0.515     1.513    
    SLICE_X0Y72          FDCE (Hold_fdce_C_D)         0.105     1.618    FREQ_GENERATOR/counter_reg[4]
  -------------------------------------------------------------------
                         required time                         -1.618    
                         arrival time                           1.954    
  -------------------------------------------------------------------
                         slack                                  0.336    

Slack (MET) :             0.336ns  (arrival time - required time)
  Source:                 FREQ_GENERATOR/counter_reg[8]/C
                            (rising edge-triggered cell FDCE clocked by sys_clk_pin  {rise@0.000ns fall@5.000ns period=10.000ns})
  Destination:            FREQ_GENERATOR/counter_reg[8]/D
                            (rising edge-triggered cell FDCE clocked by sys_clk_pin  {rise@0.000ns fall@5.000ns period=10.000ns})
  Path Group:             sys_clk_pin
  Path Type:              Hold (Min at Fast Process Corner)
  Requirement:            0.000ns  (sys_clk_pin rise@0.000ns - sys_clk_pin rise@0.000ns)
  Data Path Delay:        0.441ns  (logic 0.256ns (58.085%)  route 0.185ns (41.915%))
  Logic Levels:           2  (CARRY4=1 LUT3=1)
  Clock Path Skew:        0.000ns (DCD - SCD - CPR)
    Destination Clock Delay (DCD):    2.027ns
    Source Clock Delay      (SCD):    1.511ns
    Clock Pessimism Removal (CPR):    0.515ns

    Location             Delay type                Incr(ns)  Path(ns)    Netlist Resource(s)
  -------------------------------------------------------------------    -------------------
                         (clock sys_clk_pin rise edge)
                                                      0.000     0.000 r  
    E3                                                0.000     0.000 r  clk (IN)
                         net (fo=0)                   0.000     0.000    clk
    E3                   IBUF (Prop_ibuf_I_O)         0.250     0.250 r  clk_IBUF_inst/O
                         net (fo=1, routed)           0.644     0.894    clk_IBUF
    BUFGCTRL_X0Y16       BUFG (Prop_bufg_I_O)         0.026     0.920 r  clk_IBUF_BUFG_inst/O
                         net (fo=22, routed)          0.592     1.511    FREQ_GENERATOR/clk
    SLICE_X0Y73          FDCE                                         r  FREQ_GENERATOR/counter_reg[8]/C
  -------------------------------------------------------------------    -------------------
    SLICE_X0Y73          FDCE (Prop_fdce_C_Q)         0.141     1.652 r  FREQ_GENERATOR/counter_reg[8]/Q
                         net (fo=2, routed)           0.185     1.837    FREQ_GENERATOR/counter_reg[8]
    SLICE_X0Y73          LUT3 (Prop_lut3_I2_O)        0.045     1.882 r  FREQ_GENERATOR/counter[8]_i_5/O
                         net (fo=1, routed)           0.000     1.882    FREQ_GENERATOR/counter[8]_i_5_n_0
    SLICE_X0Y73          CARRY4 (Prop_carry4_S[0]_O[0])
                                                      0.070     1.952 r  FREQ_GENERATOR/counter_reg[8]_i_1/O[0]
                         net (fo=1, routed)           0.000     1.952    FREQ_GENERATOR/counter_reg[8]_i_1_n_7
    SLICE_X0Y73          FDCE                                         r  FREQ_GENERATOR/counter_reg[8]/D
  -------------------------------------------------------------------    -------------------

                         (clock sys_clk_pin rise edge)
                                                      0.000     0.000 r  
    E3                                                0.000     0.000 r  clk (IN)
                         net (fo=0)                   0.000     0.000    clk
    E3                   IBUF (Prop_ibuf_I_O)         0.438     0.438 r  clk_IBUF_inst/O
                         net (fo=1, routed)           0.699     1.136    clk_IBUF
    BUFGCTRL_X0Y16       BUFG (Prop_bufg_I_O)         0.029     1.165 r  clk_IBUF_BUFG_inst/O
                         net (fo=22, routed)          0.862     2.027    FREQ_GENERATOR/clk
    SLICE_X0Y73          FDCE                                         r  FREQ_GENERATOR/counter_reg[8]/C
                         clock pessimism             -0.515     1.511    
    SLICE_X0Y73          FDCE (Hold_fdce_C_D)         0.105     1.616    FREQ_GENERATOR/counter_reg[8]
  -------------------------------------------------------------------
                         required time                         -1.616    
                         arrival time                           1.952    
  -------------------------------------------------------------------
                         slack                                  0.336    

Slack (MET) :             0.336ns  (arrival time - required time)
  Source:                 FREQ_GENERATOR/counter_reg[0]/C
                            (rising edge-triggered cell FDCE clocked by sys_clk_pin  {rise@0.000ns fall@5.000ns period=10.000ns})
  Destination:            FREQ_GENERATOR/counter_reg[0]/D
                            (rising edge-triggered cell FDCE clocked by sys_clk_pin  {rise@0.000ns fall@5.000ns period=10.000ns})
  Path Group:             sys_clk_pin
  Path Type:              Hold (Min at Fast Process Corner)
  Requirement:            0.000ns  (sys_clk_pin rise@0.000ns - sys_clk_pin rise@0.000ns)
  Data Path Delay:        0.441ns  (logic 0.256ns (58.077%)  route 0.185ns (41.923%))
  Logic Levels:           2  (CARRY4=1 LUT3=1)
  Clock Path Skew:        0.000ns (DCD - SCD - CPR)
    Destination Clock Delay (DCD):    2.030ns
    Source Clock Delay      (SCD):    1.513ns
    Clock Pessimism Removal (CPR):    0.516ns

    Location             Delay type                Incr(ns)  Path(ns)    Netlist Resource(s)
  -------------------------------------------------------------------    -------------------
                         (clock sys_clk_pin rise edge)
                                                      0.000     0.000 r  
    E3                                                0.000     0.000 r  clk (IN)
                         net (fo=0)                   0.000     0.000    clk
    E3                   IBUF (Prop_ibuf_I_O)         0.250     0.250 r  clk_IBUF_inst/O
                         net (fo=1, routed)           0.644     0.894    clk_IBUF
    BUFGCTRL_X0Y16       BUFG (Prop_bufg_I_O)         0.026     0.920 r  clk_IBUF_BUFG_inst/O
                         net (fo=22, routed)          0.594     1.513    FREQ_GENERATOR/clk
    SLICE_X0Y71          FDCE                                         r  FREQ_GENERATOR/counter_reg[0]/C
  -------------------------------------------------------------------    -------------------
    SLICE_X0Y71          FDCE (Prop_fdce_C_Q)         0.141     1.654 f  FREQ_GENERATOR/counter_reg[0]/Q
                         net (fo=2, routed)           0.185     1.839    FREQ_GENERATOR/counter_reg[0]
    SLICE_X0Y71          LUT3 (Prop_lut3_I2_O)        0.045     1.884 r  FREQ_GENERATOR/counter[0]_i_6/O
                         net (fo=1, routed)           0.000     1.884    FREQ_GENERATOR/counter[0]_i_6_n_0
    SLICE_X0Y71          CARRY4 (Prop_carry4_S[0]_O[0])
                                                      0.070     1.954 r  FREQ_GENERATOR/counter_reg[0]_i_1/O[0]
                         net (fo=1, routed)           0.000     1.954    FREQ_GENERATOR/counter_reg[0]_i_1_n_7
    SLICE_X0Y71          FDCE                                         r  FREQ_GENERATOR/counter_reg[0]/D
  -------------------------------------------------------------------    -------------------

                         (clock sys_clk_pin rise edge)
                                                      0.000     0.000 r  
    E3                                                0.000     0.000 r  clk (IN)
                         net (fo=0)                   0.000     0.000    clk
    E3                   IBUF (Prop_ibuf_I_O)         0.438     0.438 r  clk_IBUF_inst/O
                         net (fo=1, routed)           0.699     1.136    clk_IBUF
    BUFGCTRL_X0Y16       BUFG (Prop_bufg_I_O)         0.029     1.165 r  clk_IBUF_BUFG_inst/O
                         net (fo=22, routed)          0.865     2.030    FREQ_GENERATOR/clk
    SLICE_X0Y71          FDCE                                         r  FREQ_GENERATOR/counter_reg[0]/C
                         clock pessimism             -0.516     1.513    
    SLICE_X0Y71          FDCE (Hold_fdce_C_D)         0.105     1.618    FREQ_GENERATOR/counter_reg[0]
  -------------------------------------------------------------------
                         required time                         -1.618    
                         arrival time                           1.954    
  -------------------------------------------------------------------
                         slack                                  0.336    





Pulse Width Checks
--------------------------------------------------------------------------------------
Clock Name:         sys_clk_pin
Waveform(ns):       { 0.000 5.000 }
Period(ns):         10.000
Sources:            { clk }

Check Type        Corner  Lib Pin  Reference Pin  Required(ns)  Actual(ns)  Slack(ns)  Location        Pin
Min Period        n/a     BUFG/I   n/a            2.155         10.000      7.845      BUFGCTRL_X0Y16  clk_IBUF_BUFG_inst/I
Min Period        n/a     FDCE/C   n/a            1.000         10.000      9.000      SLICE_X1Y71     DISP_CONTROLLER/display_counter_reg[0]/C
Min Period        n/a     FDCE/C   n/a            1.000         10.000      9.000      SLICE_X1Y72     DISP_CONTROLLER/display_counter_reg[1]/C
Min Period        n/a     FDCE/C   n/a            1.000         10.000      9.000      SLICE_X1Y72     DISP_CONTROLLER/display_counter_reg[2]/C
Min Period        n/a     FDCE/C   n/a            1.000         10.000      9.000      SLICE_X0Y71     FREQ_GENERATOR/counter_reg[0]/C
Min Period        n/a     FDCE/C   n/a            1.000         10.000      9.000      SLICE_X0Y73     FREQ_GENERATOR/counter_reg[10]/C
Min Period        n/a     FDCE/C   n/a            1.000         10.000      9.000      SLICE_X0Y73     FREQ_GENERATOR/counter_reg[11]/C
Min Period        n/a     FDCE/C   n/a            1.000         10.000      9.000      SLICE_X0Y74     FREQ_GENERATOR/counter_reg[12]/C
Min Period        n/a     FDCE/C   n/a            1.000         10.000      9.000      SLICE_X0Y74     FREQ_GENERATOR/counter_reg[13]/C
Min Period        n/a     FDCE/C   n/a            1.000         10.000      9.000      SLICE_X0Y74     FREQ_GENERATOR/counter_reg[14]/C
Low Pulse Width   Slow    FDCE/C   n/a            0.500         5.000       4.500      SLICE_X1Y71     DISP_CONTROLLER/display_counter_reg[0]/C
Low Pulse Width   Fast    FDCE/C   n/a            0.500         5.000       4.500      SLICE_X1Y71     DISP_CONTROLLER/display_counter_reg[0]/C
Low Pulse Width   Slow    FDCE/C   n/a            0.500         5.000       4.500      SLICE_X1Y72     DISP_CONTROLLER/display_counter_reg[1]/C
Low Pulse Width   Fast    FDCE/C   n/a            0.500         5.000       4.500      SLICE_X1Y72     DISP_CONTROLLER/display_counter_reg[1]/C
Low Pulse Width   Slow    FDCE/C   n/a            0.500         5.000       4.500      SLICE_X1Y72     DISP_CONTROLLER/display_counter_reg[2]/C
Low Pulse Width   Fast    FDCE/C   n/a            0.500         5.000       4.500      SLICE_X1Y72     DISP_CONTROLLER/display_counter_reg[2]/C
Low Pulse Width   Slow    FDCE/C   n/a            0.500         5.000       4.500      SLICE_X0Y71     FREQ_GENERATOR/counter_reg[0]/C
Low Pulse Width   Fast    FDCE/C   n/a            0.500         5.000       4.500      SLICE_X0Y71     FREQ_GENERATOR/counter_reg[0]/C
Low Pulse Width   Slow    FDCE/C   n/a            0.500         5.000       4.500      SLICE_X0Y73     FREQ_GENERATOR/counter_reg[10]/C
Low Pulse Width   Fast    FDCE/C   n/a            0.500         5.000       4.500      SLICE_X0Y73     FREQ_GENERATOR/counter_reg[10]/C
High Pulse Width  Slow    FDCE/C   n/a            0.500         5.000       4.500      SLICE_X1Y71     DISP_CONTROLLER/display_counter_reg[0]/C
High Pulse Width  Fast    FDCE/C   n/a            0.500         5.000       4.500      SLICE_X1Y71     DISP_CONTROLLER/display_counter_reg[0]/C
High Pulse Width  Slow    FDCE/C   n/a            0.500         5.000       4.500      SLICE_X1Y72     DISP_CONTROLLER/display_counter_reg[1]/C
High Pulse Width  Fast    FDCE/C   n/a            0.500         5.000       4.500      SLICE_X1Y72     DISP_CONTROLLER/display_counter_reg[1]/C
High Pulse Width  Slow    FDCE/C   n/a            0.500         5.000       4.500      SLICE_X1Y72     DISP_CONTROLLER/display_counter_reg[2]/C
High Pulse Width  Fast    FDCE/C   n/a            0.500         5.000       4.500      SLICE_X1Y72     DISP_CONTROLLER/display_counter_reg[2]/C
High Pulse Width  Slow    FDCE/C   n/a            0.500         5.000       4.500      SLICE_X0Y71     FREQ_GENERATOR/counter_reg[0]/C
High Pulse Width  Fast    FDCE/C   n/a            0.500         5.000       4.500      SLICE_X0Y71     FREQ_GENERATOR/counter_reg[0]/C
High Pulse Width  Slow    FDCE/C   n/a            0.500         5.000       4.500      SLICE_X0Y73     FREQ_GENERATOR/counter_reg[10]/C
High Pulse Width  Fast    FDCE/C   n/a            0.500         5.000       4.500      SLICE_X0Y73     FREQ_GENERATOR/counter_reg[10]/C



--------------------------------------------------------------------------------------
Path Group:  (none)
From Clock:  
  To Clock:  

Max Delay            23 Endpoints
Min Delay            23 Endpoints
--------------------------------------------------------------------------------------


Max Delay Paths
--------------------------------------------------------------------------------------
Slack:                    inf
  Source:                 in_binary[12]
                            (input port)
  Destination:            seg_out[3]
                            (output port)
  Path Group:             (none)
  Path Type:              Max at Slow Process Corner
  Data Path Delay:        24.744ns  (logic 8.029ns (32.447%)  route 16.715ns (67.553%))
  Logic Levels:           15  (CARRY4=2 IBUF=1 LUT1=1 LUT3=1 LUT4=1 LUT6=7 MUXF7=1 OBUF=1)

    Location             Delay type                Incr(ns)  Path(ns)    Netlist Resource(s)
  -------------------------------------------------------------------    -------------------
    H6                                                0.000     0.000 f  in_binary[12] (IN)
                         net (fo=0)                   0.000     0.000    in_binary[12]
    H6                   IBUF (Prop_ibuf_I_O)         1.467     1.467 f  in_binary_IBUF[12]_inst/O
                         net (fo=5, routed)           4.966     6.433    LED_OBUF[12]
    SLICE_X6Y70          LUT1 (Prop_lut1_I0_O)        0.124     6.557 r  seg_out_OBUF[6]_inst_i_137/O
                         net (fo=1, routed)           0.000     6.557    seg_out_OBUF[6]_inst_i_137_n_0
    SLICE_X6Y70          CARRY4 (Prop_carry4_S[3]_CO[3])
                                                      0.376     6.933 r  seg_out_OBUF[6]_inst_i_119/CO[3]
                         net (fo=1, routed)           0.000     6.933    seg_out_OBUF[6]_inst_i_119_n_0
    SLICE_X6Y71          CARRY4 (Prop_carry4_CI_O[1])
                                                      0.323     7.256 r  seg_out_OBUF[6]_inst_i_76/O[1]
                         net (fo=3, routed)           0.601     7.857    ns_in_binary0[14]
    SLICE_X7Y71          LUT3 (Prop_lut3_I0_O)        0.332     8.189 r  seg_out_OBUF[6]_inst_i_75/O
                         net (fo=13, routed)          1.246     9.435    ns_in_binary[14]
    SLICE_X5Y72          LUT6 (Prop_lut6_I4_O)        0.332     9.767 r  seg_out_OBUF[6]_inst_i_120/O
                         net (fo=4, routed)           1.113    10.880    seg_out_OBUF[6]_inst_i_120_n_0
    SLICE_X4Y72          LUT6 (Prop_lut6_I1_O)        0.124    11.004 r  seg_out_OBUF[6]_inst_i_131/O
                         net (fo=3, routed)           0.823    11.828    seg_out_OBUF[6]_inst_i_131_n_0
    SLICE_X4Y70          LUT6 (Prop_lut6_I3_O)        0.124    11.952 r  seg_out_OBUF[6]_inst_i_86/O
                         net (fo=6, routed)           1.135    13.087    seg_out_OBUF[6]_inst_i_86_n_0
    SLICE_X3Y71          LUT6 (Prop_lut6_I0_O)        0.124    13.211 r  seg_out_OBUF[6]_inst_i_44/O
                         net (fo=5, routed)           0.843    14.055    seg_out_OBUF[6]_inst_i_44_n_0
    SLICE_X3Y72          LUT6 (Prop_lut6_I4_O)        0.124    14.179 r  seg_out_OBUF[6]_inst_i_51/O
                         net (fo=4, routed)           1.185    15.364    DISP_CONTROLLER/seg_out_OBUF[6]_inst_i_8_5
    SLICE_X2Y68          LUT6 (Prop_lut6_I1_O)        0.124    15.488 r  DISP_CONTROLLER/seg_out_OBUF[6]_inst_i_29/O
                         net (fo=1, routed)           0.000    15.488    DISP_CONTROLLER/seg_out_OBUF[6]_inst_i_29_n_0
    SLICE_X2Y68          MUXF7 (Prop_muxf7_I1_O)      0.247    15.735 r  DISP_CONTROLLER/seg_out_OBUF[6]_inst_i_13/O
                         net (fo=1, routed)           0.816    16.551    DISP_CONTROLLER/seg_out_OBUF[6]_inst_i_13_n_0
    SLICE_X2Y70          LUT6 (Prop_lut6_I5_O)        0.298    16.849 r  DISP_CONTROLLER/seg_out_OBUF[6]_inst_i_4/O
                         net (fo=7, routed)           0.827    17.676    DISP_CONTROLLER/sel0[2]
    SLICE_X0Y70          LUT4 (Prop_lut4_I1_O)        0.152    17.828 r  DISP_CONTROLLER/seg_out_OBUF[3]_inst_i_1/O
                         net (fo=1, routed)           3.158    20.986    seg_out_OBUF[3]
    K13                  OBUF (Prop_obuf_I_O)         3.758    24.744 r  seg_out_OBUF[3]_inst/O
                         net (fo=0)                   0.000    24.744    seg_out[3]
    K13                                                               r  seg_out[3] (OUT)
  -------------------------------------------------------------------    -------------------

Slack:                    inf
  Source:                 in_binary[12]
                            (input port)
  Destination:            seg_out[1]
                            (output port)
  Path Group:             (none)
  Path Type:              Max at Slow Process Corner
  Data Path Delay:        24.019ns  (logic 8.028ns (33.424%)  route 15.991ns (66.576%))
  Logic Levels:           15  (CARRY4=2 IBUF=1 LUT1=1 LUT3=1 LUT4=1 LUT6=7 MUXF7=1 OBUF=1)

    Location             Delay type                Incr(ns)  Path(ns)    Netlist Resource(s)
  -------------------------------------------------------------------    -------------------
    H6                                                0.000     0.000 f  in_binary[12] (IN)
                         net (fo=0)                   0.000     0.000    in_binary[12]
    H6                   IBUF (Prop_ibuf_I_O)         1.467     1.467 f  in_binary_IBUF[12]_inst/O
                         net (fo=5, routed)           4.966     6.433    LED_OBUF[12]
    SLICE_X6Y70          LUT1 (Prop_lut1_I0_O)        0.124     6.557 r  seg_out_OBUF[6]_inst_i_137/O
                         net (fo=1, routed)           0.000     6.557    seg_out_OBUF[6]_inst_i_137_n_0
    SLICE_X6Y70          CARRY4 (Prop_carry4_S[3]_CO[3])
                                                      0.376     6.933 r  seg_out_OBUF[6]_inst_i_119/CO[3]
                         net (fo=1, routed)           0.000     6.933    seg_out_OBUF[6]_inst_i_119_n_0
    SLICE_X6Y71          CARRY4 (Prop_carry4_CI_O[1])
                                                      0.323     7.256 r  seg_out_OBUF[6]_inst_i_76/O[1]
                         net (fo=3, routed)           0.601     7.857    ns_in_binary0[14]
    SLICE_X7Y71          LUT3 (Prop_lut3_I0_O)        0.332     8.189 r  seg_out_OBUF[6]_inst_i_75/O
                         net (fo=13, routed)          1.246     9.435    ns_in_binary[14]
    SLICE_X5Y72          LUT6 (Prop_lut6_I4_O)        0.332     9.767 r  seg_out_OBUF[6]_inst_i_120/O
                         net (fo=4, routed)           1.113    10.880    seg_out_OBUF[6]_inst_i_120_n_0
    SLICE_X4Y72          LUT6 (Prop_lut6_I1_O)        0.124    11.004 r  seg_out_OBUF[6]_inst_i_131/O
                         net (fo=3, routed)           0.823    11.828    seg_out_OBUF[6]_inst_i_131_n_0
    SLICE_X4Y70          LUT6 (Prop_lut6_I3_O)        0.124    11.952 r  seg_out_OBUF[6]_inst_i_86/O
                         net (fo=6, routed)           1.135    13.087    seg_out_OBUF[6]_inst_i_86_n_0
    SLICE_X3Y71          LUT6 (Prop_lut6_I0_O)        0.124    13.211 r  seg_out_OBUF[6]_inst_i_44/O
                         net (fo=5, routed)           0.843    14.055    seg_out_OBUF[6]_inst_i_44_n_0
    SLICE_X3Y72          LUT6 (Prop_lut6_I4_O)        0.124    14.179 r  seg_out_OBUF[6]_inst_i_51/O
                         net (fo=4, routed)           1.185    15.364    DISP_CONTROLLER/seg_out_OBUF[6]_inst_i_8_5
    SLICE_X2Y68          LUT6 (Prop_lut6_I1_O)        0.124    15.488 r  DISP_CONTROLLER/seg_out_OBUF[6]_inst_i_29/O
                         net (fo=1, routed)           0.000    15.488    DISP_CONTROLLER/seg_out_OBUF[6]_inst_i_29_n_0
    SLICE_X2Y68          MUXF7 (Prop_muxf7_I1_O)      0.247    15.735 r  DISP_CONTROLLER/seg_out_OBUF[6]_inst_i_13/O
                         net (fo=1, routed)           0.816    16.551    DISP_CONTROLLER/seg_out_OBUF[6]_inst_i_13_n_0
    SLICE_X2Y70          LUT6 (Prop_lut6_I5_O)        0.298    16.849 r  DISP_CONTROLLER/seg_out_OBUF[6]_inst_i_4/O
                         net (fo=7, routed)           0.834    17.683    DISP_CONTROLLER/sel0[2]
    SLICE_X0Y70          LUT4 (Prop_lut4_I1_O)        0.152    17.835 r  DISP_CONTROLLER/seg_out_OBUF[1]_inst_i_1/O
                         net (fo=1, routed)           2.426    20.261    seg_out_OBUF[1]
    R10                  OBUF (Prop_obuf_I_O)         3.757    24.019 r  seg_out_OBUF[1]_inst/O
                         net (fo=0)                   0.000    24.019    seg_out[1]
    R10                                                               r  seg_out[1] (OUT)
  -------------------------------------------------------------------    -------------------

Slack:                    inf
  Source:                 in_binary[12]
                            (input port)
  Destination:            seg_out[6]
                            (output port)
  Path Group:             (none)
  Path Type:              Max at Slow Process Corner
  Data Path Delay:        23.873ns  (logic 7.780ns (32.588%)  route 16.093ns (67.412%))
  Logic Levels:           15  (CARRY4=2 IBUF=1 LUT1=1 LUT3=1 LUT4=1 LUT6=7 MUXF7=1 OBUF=1)

    Location             Delay type                Incr(ns)  Path(ns)    Netlist Resource(s)
  -------------------------------------------------------------------    -------------------
    H6                                                0.000     0.000 f  in_binary[12] (IN)
                         net (fo=0)                   0.000     0.000    in_binary[12]
    H6                   IBUF (Prop_ibuf_I_O)         1.467     1.467 f  in_binary_IBUF[12]_inst/O
                         net (fo=5, routed)           4.966     6.433    LED_OBUF[12]
    SLICE_X6Y70          LUT1 (Prop_lut1_I0_O)        0.124     6.557 r  seg_out_OBUF[6]_inst_i_137/O
                         net (fo=1, routed)           0.000     6.557    seg_out_OBUF[6]_inst_i_137_n_0
    SLICE_X6Y70          CARRY4 (Prop_carry4_S[3]_CO[3])
                                                      0.376     6.933 r  seg_out_OBUF[6]_inst_i_119/CO[3]
                         net (fo=1, routed)           0.000     6.933    seg_out_OBUF[6]_inst_i_119_n_0
    SLICE_X6Y71          CARRY4 (Prop_carry4_CI_O[1])
                                                      0.323     7.256 r  seg_out_OBUF[6]_inst_i_76/O[1]
                         net (fo=3, routed)           0.601     7.857    ns_in_binary0[14]
    SLICE_X7Y71          LUT3 (Prop_lut3_I0_O)        0.332     8.189 r  seg_out_OBUF[6]_inst_i_75/O
                         net (fo=13, routed)          1.246     9.435    ns_in_binary[14]
    SLICE_X5Y72          LUT6 (Prop_lut6_I4_O)        0.332     9.767 r  seg_out_OBUF[6]_inst_i_120/O
                         net (fo=4, routed)           1.113    10.880    seg_out_OBUF[6]_inst_i_120_n_0
    SLICE_X4Y72          LUT6 (Prop_lut6_I1_O)        0.124    11.004 r  seg_out_OBUF[6]_inst_i_131/O
                         net (fo=3, routed)           0.823    11.828    seg_out_OBUF[6]_inst_i_131_n_0
    SLICE_X4Y70          LUT6 (Prop_lut6_I3_O)        0.124    11.952 r  seg_out_OBUF[6]_inst_i_86/O
                         net (fo=6, routed)           1.135    13.087    seg_out_OBUF[6]_inst_i_86_n_0
    SLICE_X3Y71          LUT6 (Prop_lut6_I0_O)        0.124    13.211 r  seg_out_OBUF[6]_inst_i_44/O
                         net (fo=5, routed)           0.843    14.055    seg_out_OBUF[6]_inst_i_44_n_0
    SLICE_X3Y72          LUT6 (Prop_lut6_I4_O)        0.124    14.179 r  seg_out_OBUF[6]_inst_i_51/O
                         net (fo=4, routed)           1.185    15.364    DISP_CONTROLLER/seg_out_OBUF[6]_inst_i_8_5
    SLICE_X2Y68          LUT6 (Prop_lut6_I1_O)        0.124    15.488 r  DISP_CONTROLLER/seg_out_OBUF[6]_inst_i_29/O
                         net (fo=1, routed)           0.000    15.488    DISP_CONTROLLER/seg_out_OBUF[6]_inst_i_29_n_0
    SLICE_X2Y68          MUXF7 (Prop_muxf7_I1_O)      0.247    15.735 r  DISP_CONTROLLER/seg_out_OBUF[6]_inst_i_13/O
                         net (fo=1, routed)           0.816    16.551    DISP_CONTROLLER/seg_out_OBUF[6]_inst_i_13_n_0
    SLICE_X2Y70          LUT6 (Prop_lut6_I5_O)        0.298    16.849 r  DISP_CONTROLLER/seg_out_OBUF[6]_inst_i_4/O
                         net (fo=7, routed)           0.818    17.667    DISP_CONTROLLER/sel0[2]
    SLICE_X0Y70          LUT4 (Prop_lut4_I2_O)        0.124    17.791 r  DISP_CONTROLLER/seg_out_OBUF[6]_inst_i_1/O
                         net (fo=1, routed)           2.545    20.336    seg_out_OBUF[6]
    L18                  OBUF (Prop_obuf_I_O)         3.537    23.873 r  seg_out_OBUF[6]_inst/O
                         net (fo=0)                   0.000    23.873    seg_out[6]
    L18                                                               r  seg_out[6] (OUT)
  -------------------------------------------------------------------    -------------------

Slack:                    inf
  Source:                 in_binary[12]
                            (input port)
  Destination:            seg_out[2]
                            (output port)
  Path Group:             (none)
  Path Type:              Max at Slow Process Corner
  Data Path Delay:        23.832ns  (logic 7.736ns (32.459%)  route 16.096ns (67.541%))
  Logic Levels:           15  (CARRY4=2 IBUF=1 LUT1=1 LUT3=1 LUT4=1 LUT6=7 MUXF7=1 OBUF=1)

    Location             Delay type                Incr(ns)  Path(ns)    Netlist Resource(s)
  -------------------------------------------------------------------    -------------------
    H6                                                0.000     0.000 f  in_binary[12] (IN)
                         net (fo=0)                   0.000     0.000    in_binary[12]
    H6                   IBUF (Prop_ibuf_I_O)         1.467     1.467 f  in_binary_IBUF[12]_inst/O
                         net (fo=5, routed)           4.966     6.433    LED_OBUF[12]
    SLICE_X6Y70          LUT1 (Prop_lut1_I0_O)        0.124     6.557 r  seg_out_OBUF[6]_inst_i_137/O
                         net (fo=1, routed)           0.000     6.557    seg_out_OBUF[6]_inst_i_137_n_0
    SLICE_X6Y70          CARRY4 (Prop_carry4_S[3]_CO[3])
                                                      0.376     6.933 r  seg_out_OBUF[6]_inst_i_119/CO[3]
                         net (fo=1, routed)           0.000     6.933    seg_out_OBUF[6]_inst_i_119_n_0
    SLICE_X6Y71          CARRY4 (Prop_carry4_CI_O[1])
                                                      0.323     7.256 r  seg_out_OBUF[6]_inst_i_76/O[1]
                         net (fo=3, routed)           0.601     7.857    ns_in_binary0[14]
    SLICE_X7Y71          LUT3 (Prop_lut3_I0_O)        0.332     8.189 r  seg_out_OBUF[6]_inst_i_75/O
                         net (fo=13, routed)          1.246     9.435    ns_in_binary[14]
    SLICE_X5Y72          LUT6 (Prop_lut6_I4_O)        0.332     9.767 r  seg_out_OBUF[6]_inst_i_120/O
                         net (fo=4, routed)           1.113    10.880    seg_out_OBUF[6]_inst_i_120_n_0
    SLICE_X4Y72          LUT6 (Prop_lut6_I1_O)        0.124    11.004 r  seg_out_OBUF[6]_inst_i_131/O
                         net (fo=3, routed)           0.823    11.828    seg_out_OBUF[6]_inst_i_131_n_0
    SLICE_X4Y70          LUT6 (Prop_lut6_I3_O)        0.124    11.952 r  seg_out_OBUF[6]_inst_i_86/O
                         net (fo=6, routed)           1.135    13.087    seg_out_OBUF[6]_inst_i_86_n_0
    SLICE_X3Y71          LUT6 (Prop_lut6_I0_O)        0.124    13.211 r  seg_out_OBUF[6]_inst_i_44/O
                         net (fo=5, routed)           0.843    14.055    seg_out_OBUF[6]_inst_i_44_n_0
    SLICE_X3Y72          LUT6 (Prop_lut6_I4_O)        0.124    14.179 r  seg_out_OBUF[6]_inst_i_51/O
                         net (fo=4, routed)           1.185    15.364    DISP_CONTROLLER/seg_out_OBUF[6]_inst_i_8_5
    SLICE_X2Y68          LUT6 (Prop_lut6_I1_O)        0.124    15.488 r  DISP_CONTROLLER/seg_out_OBUF[6]_inst_i_29/O
                         net (fo=1, routed)           0.000    15.488    DISP_CONTROLLER/seg_out_OBUF[6]_inst_i_29_n_0
    SLICE_X2Y68          MUXF7 (Prop_muxf7_I1_O)      0.247    15.735 r  DISP_CONTROLLER/seg_out_OBUF[6]_inst_i_13/O
                         net (fo=1, routed)           0.816    16.551    DISP_CONTROLLER/seg_out_OBUF[6]_inst_i_13_n_0
    SLICE_X2Y70          LUT6 (Prop_lut6_I5_O)        0.298    16.849 r  DISP_CONTROLLER/seg_out_OBUF[6]_inst_i_4/O
                         net (fo=7, routed)           0.827    17.676    DISP_CONTROLLER/sel0[2]
    SLICE_X0Y70          LUT4 (Prop_lut4_I3_O)        0.124    17.800 r  DISP_CONTROLLER/seg_out_OBUF[2]_inst_i_1/O
                         net (fo=1, routed)           2.539    20.339    seg_out_OBUF[2]
    K16                  OBUF (Prop_obuf_I_O)         3.493    23.832 r  seg_out_OBUF[2]_inst/O
                         net (fo=0)                   0.000    23.832    seg_out[2]
    K16                                                               r  seg_out[2] (OUT)
  -------------------------------------------------------------------    -------------------

Slack:                    inf
  Source:                 in_binary[12]
                            (input port)
  Destination:            seg_out[0]
                            (output port)
  Path Group:             (none)
  Path Type:              Max at Slow Process Corner
  Data Path Delay:        23.668ns  (logic 7.820ns (33.039%)  route 15.848ns (66.961%))
  Logic Levels:           15  (CARRY4=2 IBUF=1 LUT1=1 LUT3=1 LUT4=1 LUT6=7 MUXF7=1 OBUF=1)

    Location             Delay type                Incr(ns)  Path(ns)    Netlist Resource(s)
  -------------------------------------------------------------------    -------------------
    H6                                                0.000     0.000 f  in_binary[12] (IN)
                         net (fo=0)                   0.000     0.000    in_binary[12]
    H6                   IBUF (Prop_ibuf_I_O)         1.467     1.467 f  in_binary_IBUF[12]_inst/O
                         net (fo=5, routed)           4.966     6.433    LED_OBUF[12]
    SLICE_X6Y70          LUT1 (Prop_lut1_I0_O)        0.124     6.557 r  seg_out_OBUF[6]_inst_i_137/O
                         net (fo=1, routed)           0.000     6.557    seg_out_OBUF[6]_inst_i_137_n_0
    SLICE_X6Y70          CARRY4 (Prop_carry4_S[3]_CO[3])
                                                      0.376     6.933 r  seg_out_OBUF[6]_inst_i_119/CO[3]
                         net (fo=1, routed)           0.000     6.933    seg_out_OBUF[6]_inst_i_119_n_0
    SLICE_X6Y71          CARRY4 (Prop_carry4_CI_O[1])
                                                      0.323     7.256 r  seg_out_OBUF[6]_inst_i_76/O[1]
                         net (fo=3, routed)           0.601     7.857    ns_in_binary0[14]
    SLICE_X7Y71          LUT3 (Prop_lut3_I0_O)        0.332     8.189 r  seg_out_OBUF[6]_inst_i_75/O
                         net (fo=13, routed)          1.246     9.435    ns_in_binary[14]
    SLICE_X5Y72          LUT6 (Prop_lut6_I4_O)        0.332     9.767 r  seg_out_OBUF[6]_inst_i_120/O
                         net (fo=4, routed)           1.113    10.880    seg_out_OBUF[6]_inst_i_120_n_0
    SLICE_X4Y72          LUT6 (Prop_lut6_I1_O)        0.124    11.004 r  seg_out_OBUF[6]_inst_i_131/O
                         net (fo=3, routed)           0.823    11.828    seg_out_OBUF[6]_inst_i_131_n_0
    SLICE_X4Y70          LUT6 (Prop_lut6_I3_O)        0.124    11.952 r  seg_out_OBUF[6]_inst_i_86/O
                         net (fo=6, routed)           1.135    13.087    seg_out_OBUF[6]_inst_i_86_n_0
    SLICE_X3Y71          LUT6 (Prop_lut6_I0_O)        0.124    13.211 r  seg_out_OBUF[6]_inst_i_44/O
                         net (fo=5, routed)           0.843    14.055    seg_out_OBUF[6]_inst_i_44_n_0
    SLICE_X3Y72          LUT6 (Prop_lut6_I4_O)        0.124    14.179 r  seg_out_OBUF[6]_inst_i_51/O
                         net (fo=4, routed)           1.185    15.364    DISP_CONTROLLER/seg_out_OBUF[6]_inst_i_8_5
    SLICE_X2Y68          LUT6 (Prop_lut6_I1_O)        0.124    15.488 r  DISP_CONTROLLER/seg_out_OBUF[6]_inst_i_29/O
                         net (fo=1, routed)           0.000    15.488    DISP_CONTROLLER/seg_out_OBUF[6]_inst_i_29_n_0
    SLICE_X2Y68          MUXF7 (Prop_muxf7_I1_O)      0.247    15.735 r  DISP_CONTROLLER/seg_out_OBUF[6]_inst_i_13/O
                         net (fo=1, routed)           0.816    16.551    DISP_CONTROLLER/seg_out_OBUF[6]_inst_i_13_n_0
    SLICE_X2Y70          LUT6 (Prop_lut6_I5_O)        0.298    16.849 r  DISP_CONTROLLER/seg_out_OBUF[6]_inst_i_4/O
                         net (fo=7, routed)           0.834    17.683    DISP_CONTROLLER/sel0[2]
    SLICE_X0Y70          LUT4 (Prop_lut4_I1_O)        0.124    17.807 r  DISP_CONTROLLER/seg_out_OBUF[0]_inst_i_1/O
                         net (fo=1, routed)           2.284    20.091    seg_out_OBUF[0]
    T10                  OBUF (Prop_obuf_I_O)         3.577    23.668 r  seg_out_OBUF[0]_inst/O
                         net (fo=0)                   0.000    23.668    seg_out[0]
    T10                                                               r  seg_out[0] (OUT)
  -------------------------------------------------------------------    -------------------

Slack:                    inf
  Source:                 in_binary[12]
                            (input port)
  Destination:            seg_out[5]
                            (output port)
  Path Group:             (none)
  Path Type:              Max at Slow Process Corner
  Data Path Delay:        23.400ns  (logic 8.002ns (34.198%)  route 15.397ns (65.802%))
  Logic Levels:           15  (CARRY4=2 IBUF=1 LUT1=1 LUT3=1 LUT4=1 LUT6=7 MUXF7=1 OBUF=1)

    Location             Delay type                Incr(ns)  Path(ns)    Netlist Resource(s)
  -------------------------------------------------------------------    -------------------
    H6                                                0.000     0.000 f  in_binary[12] (IN)
                         net (fo=0)                   0.000     0.000    in_binary[12]
    H6                   IBUF (Prop_ibuf_I_O)         1.467     1.467 f  in_binary_IBUF[12]_inst/O
                         net (fo=5, routed)           4.966     6.433    LED_OBUF[12]
    SLICE_X6Y70          LUT1 (Prop_lut1_I0_O)        0.124     6.557 r  seg_out_OBUF[6]_inst_i_137/O
                         net (fo=1, routed)           0.000     6.557    seg_out_OBUF[6]_inst_i_137_n_0
    SLICE_X6Y70          CARRY4 (Prop_carry4_S[3]_CO[3])
                                                      0.376     6.933 r  seg_out_OBUF[6]_inst_i_119/CO[3]
                         net (fo=1, routed)           0.000     6.933    seg_out_OBUF[6]_inst_i_119_n_0
    SLICE_X6Y71          CARRY4 (Prop_carry4_CI_O[1])
                                                      0.323     7.256 r  seg_out_OBUF[6]_inst_i_76/O[1]
                         net (fo=3, routed)           0.601     7.857    ns_in_binary0[14]
    SLICE_X7Y71          LUT3 (Prop_lut3_I0_O)        0.332     8.189 r  seg_out_OBUF[6]_inst_i_75/O
                         net (fo=13, routed)          1.246     9.435    ns_in_binary[14]
    SLICE_X5Y72          LUT6 (Prop_lut6_I4_O)        0.332     9.767 r  seg_out_OBUF[6]_inst_i_120/O
                         net (fo=4, routed)           1.113    10.880    seg_out_OBUF[6]_inst_i_120_n_0
    SLICE_X4Y72          LUT6 (Prop_lut6_I1_O)        0.124    11.004 r  seg_out_OBUF[6]_inst_i_131/O
                         net (fo=3, routed)           0.823    11.828    seg_out_OBUF[6]_inst_i_131_n_0
    SLICE_X4Y70          LUT6 (Prop_lut6_I3_O)        0.124    11.952 r  seg_out_OBUF[6]_inst_i_86/O
                         net (fo=6, routed)           1.135    13.087    seg_out_OBUF[6]_inst_i_86_n_0
    SLICE_X3Y71          LUT6 (Prop_lut6_I0_O)        0.124    13.211 r  seg_out_OBUF[6]_inst_i_44/O
                         net (fo=5, routed)           0.843    14.055    seg_out_OBUF[6]_inst_i_44_n_0
    SLICE_X3Y72          LUT6 (Prop_lut6_I4_O)        0.124    14.179 r  seg_out_OBUF[6]_inst_i_51/O
                         net (fo=4, routed)           1.036    15.215    DISP_CONTROLLER/seg_out_OBUF[6]_inst_i_8_5
    SLICE_X2Y68          LUT6 (Prop_lut6_I1_O)        0.124    15.339 r  DISP_CONTROLLER/seg_out_OBUF[6]_inst_i_23/O
                         net (fo=1, routed)           0.000    15.339    DISP_CONTROLLER/seg_out_OBUF[6]_inst_i_23_n_0
    SLICE_X2Y68          MUXF7 (Prop_muxf7_I1_O)      0.214    15.553 r  DISP_CONTROLLER/seg_out_OBUF[6]_inst_i_8/O
                         net (fo=1, routed)           0.870    16.423    DISP_CONTROLLER/seg_out_OBUF[6]_inst_i_8_n_0
    SLICE_X1Y70          LUT6 (Prop_lut6_I5_O)        0.297    16.720 r  DISP_CONTROLLER/seg_out_OBUF[6]_inst_i_2/O
                         net (fo=7, routed)           0.881    17.601    DISP_CONTROLLER/sel0[3]
    SLICE_X0Y70          LUT4 (Prop_lut4_I0_O)        0.154    17.755 r  DISP_CONTROLLER/seg_out_OBUF[5]_inst_i_1/O
                         net (fo=1, routed)           1.881    19.636    seg_out_OBUF[5]
    T11                  OBUF (Prop_obuf_I_O)         3.764    23.400 r  seg_out_OBUF[5]_inst/O
                         net (fo=0)                   0.000    23.400    seg_out[5]
    T11                                                               r  seg_out[5] (OUT)
  -------------------------------------------------------------------    -------------------

Slack:                    inf
  Source:                 in_binary[12]
                            (input port)
  Destination:            seg_out[4]
                            (output port)
  Path Group:             (none)
  Path Type:              Max at Slow Process Corner
  Data Path Delay:        23.122ns  (logic 7.742ns (33.484%)  route 15.380ns (66.516%))
  Logic Levels:           15  (CARRY4=2 IBUF=1 LUT1=1 LUT3=1 LUT4=1 LUT6=7 MUXF7=1 OBUF=1)

    Location             Delay type                Incr(ns)  Path(ns)    Netlist Resource(s)
  -------------------------------------------------------------------    -------------------
    H6                                                0.000     0.000 f  in_binary[12] (IN)
                         net (fo=0)                   0.000     0.000    in_binary[12]
    H6                   IBUF (Prop_ibuf_I_O)         1.467     1.467 f  in_binary_IBUF[12]_inst/O
                         net (fo=5, routed)           4.966     6.433    LED_OBUF[12]
    SLICE_X6Y70          LUT1 (Prop_lut1_I0_O)        0.124     6.557 r  seg_out_OBUF[6]_inst_i_137/O
                         net (fo=1, routed)           0.000     6.557    seg_out_OBUF[6]_inst_i_137_n_0
    SLICE_X6Y70          CARRY4 (Prop_carry4_S[3]_CO[3])
                                                      0.376     6.933 r  seg_out_OBUF[6]_inst_i_119/CO[3]
                         net (fo=1, routed)           0.000     6.933    seg_out_OBUF[6]_inst_i_119_n_0
    SLICE_X6Y71          CARRY4 (Prop_carry4_CI_O[1])
                                                      0.323     7.256 r  seg_out_OBUF[6]_inst_i_76/O[1]
                         net (fo=3, routed)           0.601     7.857    ns_in_binary0[14]
    SLICE_X7Y71          LUT3 (Prop_lut3_I0_O)        0.332     8.189 r  seg_out_OBUF[6]_inst_i_75/O
                         net (fo=13, routed)          1.246     9.435    ns_in_binary[14]
    SLICE_X5Y72          LUT6 (Prop_lut6_I4_O)        0.332     9.767 r  seg_out_OBUF[6]_inst_i_120/O
                         net (fo=4, routed)           1.113    10.880    seg_out_OBUF[6]_inst_i_120_n_0
    SLICE_X4Y72          LUT6 (Prop_lut6_I1_O)        0.124    11.004 r  seg_out_OBUF[6]_inst_i_131/O
                         net (fo=3, routed)           0.823    11.828    seg_out_OBUF[6]_inst_i_131_n_0
    SLICE_X4Y70          LUT6 (Prop_lut6_I3_O)        0.124    11.952 r  seg_out_OBUF[6]_inst_i_86/O
                         net (fo=6, routed)           1.135    13.087    seg_out_OBUF[6]_inst_i_86_n_0
    SLICE_X3Y71          LUT6 (Prop_lut6_I0_O)        0.124    13.211 r  seg_out_OBUF[6]_inst_i_44/O
                         net (fo=5, routed)           0.843    14.055    seg_out_OBUF[6]_inst_i_44_n_0
    SLICE_X3Y72          LUT6 (Prop_lut6_I4_O)        0.124    14.179 r  seg_out_OBUF[6]_inst_i_51/O
                         net (fo=4, routed)           1.036    15.215    DISP_CONTROLLER/seg_out_OBUF[6]_inst_i_8_5
    SLICE_X2Y68          LUT6 (Prop_lut6_I1_O)        0.124    15.339 r  DISP_CONTROLLER/seg_out_OBUF[6]_inst_i_23/O
                         net (fo=1, routed)           0.000    15.339    DISP_CONTROLLER/seg_out_OBUF[6]_inst_i_23_n_0
    SLICE_X2Y68          MUXF7 (Prop_muxf7_I1_O)      0.214    15.553 r  DISP_CONTROLLER/seg_out_OBUF[6]_inst_i_8/O
                         net (fo=1, routed)           0.870    16.423    DISP_CONTROLLER/seg_out_OBUF[6]_inst_i_8_n_0
    SLICE_X1Y70          LUT6 (Prop_lut6_I5_O)        0.297    16.720 r  DISP_CONTROLLER/seg_out_OBUF[6]_inst_i_2/O
                         net (fo=7, routed)           0.881    17.601    DISP_CONTROLLER/sel0[3]
    SLICE_X0Y70          LUT4 (Prop_lut4_I0_O)        0.124    17.725 r  DISP_CONTROLLER/seg_out_OBUF[4]_inst_i_1/O
                         net (fo=1, routed)           1.864    19.588    seg_out_OBUF[4]
    P15                  OBUF (Prop_obuf_I_O)         3.534    23.122 r  seg_out_OBUF[4]_inst/O
                         net (fo=0)                   0.000    23.122    seg_out[4]
    P15                                                               r  seg_out[4] (OUT)
  -------------------------------------------------------------------    -------------------

Slack:                    inf
  Source:                 in_binary[12]
                            (input port)
  Destination:            LED[12]
                            (output port)
  Path Group:             (none)
  Path Type:              Max at Slow Process Corner
  Data Path Delay:        11.139ns  (logic 5.018ns (45.050%)  route 6.121ns (54.950%))
  Logic Levels:           2  (IBUF=1 OBUF=1)

    Location             Delay type                Incr(ns)  Path(ns)    Netlist Resource(s)
  -------------------------------------------------------------------    -------------------
    H6                                                0.000     0.000 r  in_binary[12] (IN)
                         net (fo=0)                   0.000     0.000    in_binary[12]
    H6                   IBUF (Prop_ibuf_I_O)         1.467     1.467 r  in_binary_IBUF[12]_inst/O
                         net (fo=5, routed)           6.121     7.588    LED_OBUF[12]
    V15                  OBUF (Prop_obuf_I_O)         3.552    11.139 r  LED_OBUF[12]_inst/O
                         net (fo=0)                   0.000    11.139    LED[12]
    V15                                                               r  LED[12] (OUT)
  -------------------------------------------------------------------    -------------------

Slack:                    inf
  Source:                 in_binary[9]
                            (input port)
  Destination:            LED[9]
                            (output port)
  Path Group:             (none)
  Path Type:              Max at Slow Process Corner
  Data Path Delay:        9.868ns  (logic 4.521ns (45.816%)  route 5.347ns (54.184%))
  Logic Levels:           2  (IBUF=1 OBUF=1)

    Location             Delay type                Incr(ns)  Path(ns)    Netlist Resource(s)
  -------------------------------------------------------------------    -------------------
    U8                                                0.000     0.000 r  in_binary[9] (IN)
                         net (fo=0)                   0.000     0.000    in_binary[9]
    U8                   IBUF (Prop_ibuf_I_O)         0.967     0.967 r  in_binary_IBUF[9]_inst/O
                         net (fo=3, routed)           5.347     6.314    LED_OBUF[9]
    T15                  OBUF (Prop_obuf_I_O)         3.554     9.868 r  LED_OBUF[9]_inst/O
                         net (fo=0)                   0.000     9.868    LED[9]
    T15                                                               r  LED[9] (OUT)
  -------------------------------------------------------------------    -------------------

Slack:                    inf
  Source:                 in_binary[8]
                            (input port)
  Destination:            LED[8]
                            (output port)
  Path Group:             (none)
  Path Type:              Max at Slow Process Corner
  Data Path Delay:        9.868ns  (logic 4.530ns (45.902%)  route 5.338ns (54.098%))
  Logic Levels:           2  (IBUF=1 OBUF=1)

    Location             Delay type                Incr(ns)  Path(ns)    Netlist Resource(s)
  -------------------------------------------------------------------    -------------------
    T8                                                0.000     0.000 r  in_binary[8] (IN)
                         net (fo=0)                   0.000     0.000    in_binary[8]
    T8                   IBUF (Prop_ibuf_I_O)         0.982     0.982 r  in_binary_IBUF[8]_inst/O
                         net (fo=3, routed)           5.338     6.321    LED_OBUF[8]
    V16                  OBUF (Prop_obuf_I_O)         3.548     9.868 r  LED_OBUF[8]_inst/O
                         net (fo=0)                   0.000     9.868    LED[8]
    V16                                                               r  LED[8] (OUT)
  -------------------------------------------------------------------    -------------------





Min Delay Paths
--------------------------------------------------------------------------------------
Slack:                    inf
  Source:                 in_binary[6]
                            (input port)
  Destination:            LED[6]
                            (output port)
  Path Group:             (none)
  Path Type:              Min at Fast Process Corner
  Data Path Delay:        1.895ns  (logic 1.517ns (80.097%)  route 0.377ns (19.903%))
  Logic Levels:           2  (IBUF=1 OBUF=1)

    Location             Delay type                Incr(ns)  Path(ns)    Netlist Resource(s)
  -------------------------------------------------------------------    -------------------
    U18                                               0.000     0.000 r  in_binary[6] (IN)
                         net (fo=0)                   0.000     0.000    in_binary[6]
    U18                  IBUF (Prop_ibuf_I_O)         0.262     0.262 r  in_binary_IBUF[6]_inst/O
                         net (fo=3, routed)           0.377     0.639    LED_OBUF[6]
    U17                  OBUF (Prop_obuf_I_O)         1.256     1.895 r  LED_OBUF[6]_inst/O
                         net (fo=0)                   0.000     1.895    LED[6]
    U17                                                               r  LED[6] (OUT)
  -------------------------------------------------------------------    -------------------

Slack:                    inf
  Source:                 in_binary[14]
                            (input port)
  Destination:            LED[14]
                            (output port)
  Path Group:             (none)
  Path Type:              Min at Fast Process Corner
  Data Path Delay:        1.929ns  (logic 1.548ns (80.271%)  route 0.381ns (19.729%))
  Logic Levels:           2  (IBUF=1 OBUF=1)

    Location             Delay type                Incr(ns)  Path(ns)    Netlist Resource(s)
  -------------------------------------------------------------------    -------------------
    U11                                               0.000     0.000 r  in_binary[14] (IN)
                         net (fo=0)                   0.000     0.000    in_binary[14]
    U11                  IBUF (Prop_ibuf_I_O)         0.277     0.277 r  in_binary_IBUF[14]_inst/O
                         net (fo=4, routed)           0.381     0.658    LED_OBUF[14]
    V12                  OBUF (Prop_obuf_I_O)         1.271     1.929 r  LED_OBUF[14]_inst/O
                         net (fo=0)                   0.000     1.929    LED[14]
    V12                                                               r  LED[14] (OUT)
  -------------------------------------------------------------------    -------------------

Slack:                    inf
  Source:                 in_binary[15]
                            (input port)
  Destination:            LED[15]
                            (output port)
  Path Group:             (none)
  Path Type:              Min at Fast Process Corner
  Data Path Delay:        1.936ns  (logic 1.561ns (80.625%)  route 0.375ns (19.375%))
  Logic Levels:           2  (IBUF=1 OBUF=1)

    Location             Delay type                Incr(ns)  Path(ns)    Netlist Resource(s)
  -------------------------------------------------------------------    -------------------
    V10                                               0.000     0.000 r  in_binary[15] (IN)
                         net (fo=0)                   0.000     0.000    in_binary[15]
    V10                  IBUF (Prop_ibuf_I_O)         0.292     0.292 r  in_binary_IBUF[15]_inst/O
                         net (fo=33, routed)          0.375     0.667    LED_OBUF[15]
    V11                  OBUF (Prop_obuf_I_O)         1.269     1.936 r  LED_OBUF[15]_inst/O
                         net (fo=0)                   0.000     1.936    LED[15]
    V11                                                               r  LED[15] (OUT)
  -------------------------------------------------------------------    -------------------

Slack:                    inf
  Source:                 in_binary[1]
                            (input port)
  Destination:            LED[1]
                            (output port)
  Path Group:             (none)
  Path Type:              Min at Fast Process Corner
  Data Path Delay:        2.002ns  (logic 1.484ns (74.085%)  route 0.519ns (25.915%))
  Logic Levels:           2  (IBUF=1 OBUF=1)

    Location             Delay type                Incr(ns)  Path(ns)    Netlist Resource(s)
  -------------------------------------------------------------------    -------------------
    L16                                               0.000     0.000 r  in_binary[1] (IN)
                         net (fo=0)                   0.000     0.000    in_binary[1]
    L16                  IBUF (Prop_ibuf_I_O)         0.247     0.247 r  in_binary_IBUF[1]_inst/O
                         net (fo=6, routed)           0.519     0.766    LED_OBUF[1]
    K15                  OBUF (Prop_obuf_I_O)         1.236     2.002 r  LED_OBUF[1]_inst/O
                         net (fo=0)                   0.000     2.002    LED[1]
    K15                                                               r  LED[1] (OUT)
  -------------------------------------------------------------------    -------------------

Slack:                    inf
  Source:                 in_binary[4]
                            (input port)
  Destination:            LED[4]
                            (output port)
  Path Group:             (none)
  Path Type:              Min at Fast Process Corner
  Data Path Delay:        2.004ns  (logic 1.513ns (75.481%)  route 0.491ns (24.519%))
  Logic Levels:           2  (IBUF=1 OBUF=1)

    Location             Delay type                Incr(ns)  Path(ns)    Netlist Resource(s)
  -------------------------------------------------------------------    -------------------
    R17                                               0.000     0.000 r  in_binary[4] (IN)
                         net (fo=0)                   0.000     0.000    in_binary[4]
    R17                  IBUF (Prop_ibuf_I_O)         0.260     0.260 r  in_binary_IBUF[4]_inst/O
                         net (fo=5, routed)           0.491     0.752    LED_OBUF[4]
    R18                  OBUF (Prop_obuf_I_O)         1.252     2.004 r  LED_OBUF[4]_inst/O
                         net (fo=0)                   0.000     2.004    LED[4]
    R18                                                               r  LED[4] (OUT)
  -------------------------------------------------------------------    -------------------

Slack:                    inf
  Source:                 in_binary[0]
                            (input port)
  Destination:            LED[0]
                            (output port)
  Path Group:             (none)
  Path Type:              Min at Fast Process Corner
  Data Path Delay:        2.007ns  (logic 1.467ns (73.072%)  route 0.541ns (26.928%))
  Logic Levels:           2  (IBUF=1 OBUF=1)

    Location             Delay type                Incr(ns)  Path(ns)    Netlist Resource(s)
  -------------------------------------------------------------------    -------------------
    J15                                               0.000     0.000 r  in_binary[0] (IN)
                         net (fo=0)                   0.000     0.000    in_binary[0]
    J15                  IBUF (Prop_ibuf_I_O)         0.245     0.245 r  in_binary_IBUF[0]_inst/O
                         net (fo=3, routed)           0.541     0.786    LED_OBUF[0]
    H17                  OBUF (Prop_obuf_I_O)         1.221     2.007 r  LED_OBUF[0]_inst/O
                         net (fo=0)                   0.000     2.007    LED[0]
    H17                                                               r  LED[0] (OUT)
  -------------------------------------------------------------------    -------------------

Slack:                    inf
  Source:                 in_binary[13]
                            (input port)
  Destination:            LED[13]
                            (output port)
  Path Group:             (none)
  Path Type:              Min at Fast Process Corner
  Data Path Delay:        2.008ns  (logic 1.546ns (76.964%)  route 0.463ns (23.036%))
  Logic Levels:           2  (IBUF=1 OBUF=1)

    Location             Delay type                Incr(ns)  Path(ns)    Netlist Resource(s)
  -------------------------------------------------------------------    -------------------
    U12                                               0.000     0.000 r  in_binary[13] (IN)
                         net (fo=0)                   0.000     0.000    in_binary[13]
    U12                  IBUF (Prop_ibuf_I_O)         0.291     0.291 r  in_binary_IBUF[13]_inst/O
                         net (fo=3, routed)           0.463     0.753    LED_OBUF[13]
    V14                  OBUF (Prop_obuf_I_O)         1.255     2.008 r  LED_OBUF[13]_inst/O
                         net (fo=0)                   0.000     2.008    LED[13]
    V14                                                               r  LED[13] (OUT)
  -------------------------------------------------------------------    -------------------

Slack:                    inf
  Source:                 in_binary[3]
                            (input port)
  Destination:            LED[3]
                            (output port)
  Path Group:             (none)
  Path Type:              Min at Fast Process Corner
  Data Path Delay:        2.015ns  (logic 1.496ns (74.250%)  route 0.519ns (25.750%))
  Logic Levels:           2  (IBUF=1 OBUF=1)

    Location             Delay type                Incr(ns)  Path(ns)    Netlist Resource(s)
  -------------------------------------------------------------------    -------------------
    R15                                               0.000     0.000 r  in_binary[3] (IN)
                         net (fo=0)                   0.000     0.000    in_binary[3]
    R15                  IBUF (Prop_ibuf_I_O)         0.245     0.245 r  in_binary_IBUF[3]_inst/O
                         net (fo=3, routed)           0.519     0.764    LED_OBUF[3]
    N14                  OBUF (Prop_obuf_I_O)         1.251     2.015 r  LED_OBUF[3]_inst/O
                         net (fo=0)                   0.000     2.015    LED[3]
    N14                                                               r  LED[3] (OUT)
  -------------------------------------------------------------------    -------------------

Slack:                    inf
  Source:                 in_binary[10]
                            (input port)
  Destination:            LED[10]
                            (output port)
  Path Group:             (none)
  Path Type:              Min at Fast Process Corner
  Data Path Delay:        2.054ns  (logic 1.503ns (73.166%)  route 0.551ns (26.834%))
  Logic Levels:           2  (IBUF=1 OBUF=1)

    Location             Delay type                Incr(ns)  Path(ns)    Netlist Resource(s)
  -------------------------------------------------------------------    -------------------
    R16                                               0.000     0.000 r  in_binary[10] (IN)
                         net (fo=0)                   0.000     0.000    in_binary[10]
    R16                  IBUF (Prop_ibuf_I_O)         0.250     0.250 r  in_binary_IBUF[10]_inst/O
                         net (fo=3, routed)           0.551     0.801    LED_OBUF[10]
    U14                  OBUF (Prop_obuf_I_O)         1.253     2.054 r  LED_OBUF[10]_inst/O
                         net (fo=0)                   0.000     2.054    LED[10]
    U14                                                               r  LED[10] (OUT)
  -------------------------------------------------------------------    -------------------

Slack:                    inf
  Source:                 in_binary[11]
                            (input port)
  Destination:            LED[11]
                            (output port)
  Path Group:             (none)
  Path Type:              Min at Fast Process Corner
  Data Path Delay:        2.101ns  (logic 1.502ns (71.469%)  route 0.600ns (28.531%))
  Logic Levels:           2  (IBUF=1 OBUF=1)

    Location             Delay type                Incr(ns)  Path(ns)    Netlist Resource(s)
  -------------------------------------------------------------------    -------------------
    T13                                               0.000     0.000 r  in_binary[11] (IN)
                         net (fo=0)                   0.000     0.000    in_binary[11]
    T13                  IBUF (Prop_ibuf_I_O)         0.270     0.270 r  in_binary_IBUF[11]_inst/O
                         net (fo=3, routed)           0.600     0.869    LED_OBUF[11]
    T16                  OBUF (Prop_obuf_I_O)         1.232     2.101 r  LED_OBUF[11]_inst/O
                         net (fo=0)                   0.000     2.101    LED[11]
    T16                                                               r  LED[11] (OUT)
  -------------------------------------------------------------------    -------------------





--------------------------------------------------------------------------------------
Path Group:  (none)
From Clock:  sys_clk_pin
  To Clock:  

Max Delay            13 Endpoints
Min Delay            13 Endpoints
--------------------------------------------------------------------------------------


Max Delay Paths
--------------------------------------------------------------------------------------
Slack:                    inf
  Source:                 DISP_CONTROLLER/display_counter_reg[0]/C
                            (rising edge-triggered cell FDCE clocked by sys_clk_pin  {rise@0.000ns fall@5.000ns period=10.000ns})
  Destination:            seg_out[3]
                            (output port)
  Path Group:             (none)
  Path Type:              Max at Slow Process Corner
  Data Path Delay:        11.086ns  (logic 5.035ns (45.422%)  route 6.050ns (54.578%))
  Logic Levels:           5  (LUT4=1 LUT6=2 MUXF7=1 OBUF=1)
  Clock Uncertainty:      0.025ns  ((TSJ^2 + TIJ^2)^1/2 + DJ) / 2 + PE
    Total System Jitter     (TSJ):    0.050ns
    Total Input Jitter      (TIJ):    0.000ns
    Discrete Jitter          (DJ):    0.000ns
    Phase Error              (PE):    0.000ns

    Location             Delay type                Incr(ns)  Path(ns)    Netlist Resource(s)
  -------------------------------------------------------------------    -------------------
                         (clock sys_clk_pin rise edge)
                                                      0.000     0.000 r  
    E3                                                0.000     0.000 r  clk (IN)
                         net (fo=0)                   0.000     0.000    clk
    E3                   IBUF (Prop_ibuf_I_O)         1.482     1.482 r  clk_IBUF_inst/O
                         net (fo=1, routed)           2.025     3.506    clk_IBUF
    BUFGCTRL_X0Y16       BUFG (Prop_bufg_I_O)         0.096     3.602 r  clk_IBUF_BUFG_inst/O
                         net (fo=22, routed)          1.711     5.314    DISP_CONTROLLER/clk_IBUF_BUFG
    SLICE_X1Y71          FDCE                                         r  DISP_CONTROLLER/display_counter_reg[0]/C
  -------------------------------------------------------------------    -------------------
    SLICE_X1Y71          FDCE (Prop_fdce_C_Q)         0.456     5.770 r  DISP_CONTROLLER/display_counter_reg[0]/Q
                         net (fo=21, routed)          1.249     7.019    DISP_CONTROLLER/display_counter_reg_n_0_[0]
    SLICE_X2Y68          LUT6 (Prop_lut6_I4_O)        0.124     7.143 r  DISP_CONTROLLER/seg_out_OBUF[6]_inst_i_29/O
                         net (fo=1, routed)           0.000     7.143    DISP_CONTROLLER/seg_out_OBUF[6]_inst_i_29_n_0
    SLICE_X2Y68          MUXF7 (Prop_muxf7_I1_O)      0.247     7.390 r  DISP_CONTROLLER/seg_out_OBUF[6]_inst_i_13/O
                         net (fo=1, routed)           0.816     8.206    DISP_CONTROLLER/seg_out_OBUF[6]_inst_i_13_n_0
    SLICE_X2Y70          LUT6 (Prop_lut6_I5_O)        0.298     8.504 r  DISP_CONTROLLER/seg_out_OBUF[6]_inst_i_4/O
                         net (fo=7, routed)           0.827     9.331    DISP_CONTROLLER/sel0[2]
    SLICE_X0Y70          LUT4 (Prop_lut4_I1_O)        0.152     9.483 r  DISP_CONTROLLER/seg_out_OBUF[3]_inst_i_1/O
                         net (fo=1, routed)           3.158    12.641    seg_out_OBUF[3]
    K13                  OBUF (Prop_obuf_I_O)         3.758    16.399 r  seg_out_OBUF[3]_inst/O
                         net (fo=0)                   0.000    16.399    seg_out[3]
    K13                                                               r  seg_out[3] (OUT)
  -------------------------------------------------------------------    -------------------

Slack:                    inf
  Source:                 DISP_CONTROLLER/display_counter_reg[0]/C
                            (rising edge-triggered cell FDCE clocked by sys_clk_pin  {rise@0.000ns fall@5.000ns period=10.000ns})
  Destination:            seg_out[1]
                            (output port)
  Path Group:             (none)
  Path Type:              Max at Slow Process Corner
  Data Path Delay:        10.360ns  (logic 5.034ns (48.595%)  route 5.326ns (51.405%))
  Logic Levels:           5  (LUT4=1 LUT6=2 MUXF7=1 OBUF=1)
  Clock Uncertainty:      0.025ns  ((TSJ^2 + TIJ^2)^1/2 + DJ) / 2 + PE
    Total System Jitter     (TSJ):    0.050ns
    Total Input Jitter      (TIJ):    0.000ns
    Discrete Jitter          (DJ):    0.000ns
    Phase Error              (PE):    0.000ns

    Location             Delay type                Incr(ns)  Path(ns)    Netlist Resource(s)
  -------------------------------------------------------------------    -------------------
                         (clock sys_clk_pin rise edge)
                                                      0.000     0.000 r  
    E3                                                0.000     0.000 r  clk (IN)
                         net (fo=0)                   0.000     0.000    clk
    E3                   IBUF (Prop_ibuf_I_O)         1.482     1.482 r  clk_IBUF_inst/O
                         net (fo=1, routed)           2.025     3.506    clk_IBUF
    BUFGCTRL_X0Y16       BUFG (Prop_bufg_I_O)         0.096     3.602 r  clk_IBUF_BUFG_inst/O
                         net (fo=22, routed)          1.711     5.314    DISP_CONTROLLER/clk_IBUF_BUFG
    SLICE_X1Y71          FDCE                                         r  DISP_CONTROLLER/display_counter_reg[0]/C
  -------------------------------------------------------------------    -------------------
    SLICE_X1Y71          FDCE (Prop_fdce_C_Q)         0.456     5.770 r  DISP_CONTROLLER/display_counter_reg[0]/Q
                         net (fo=21, routed)          1.249     7.019    DISP_CONTROLLER/display_counter_reg_n_0_[0]
    SLICE_X2Y68          LUT6 (Prop_lut6_I4_O)        0.124     7.143 r  DISP_CONTROLLER/seg_out_OBUF[6]_inst_i_29/O
                         net (fo=1, routed)           0.000     7.143    DISP_CONTROLLER/seg_out_OBUF[6]_inst_i_29_n_0
    SLICE_X2Y68          MUXF7 (Prop_muxf7_I1_O)      0.247     7.390 r  DISP_CONTROLLER/seg_out_OBUF[6]_inst_i_13/O
                         net (fo=1, routed)           0.816     8.206    DISP_CONTROLLER/seg_out_OBUF[6]_inst_i_13_n_0
    SLICE_X2Y70          LUT6 (Prop_lut6_I5_O)        0.298     8.504 r  DISP_CONTROLLER/seg_out_OBUF[6]_inst_i_4/O
                         net (fo=7, routed)           0.834     9.338    DISP_CONTROLLER/sel0[2]
    SLICE_X0Y70          LUT4 (Prop_lut4_I1_O)        0.152     9.490 r  DISP_CONTROLLER/seg_out_OBUF[1]_inst_i_1/O
                         net (fo=1, routed)           2.426    11.916    seg_out_OBUF[1]
    R10                  OBUF (Prop_obuf_I_O)         3.757    15.674 r  seg_out_OBUF[1]_inst/O
                         net (fo=0)                   0.000    15.674    seg_out[1]
    R10                                                               r  seg_out[1] (OUT)
  -------------------------------------------------------------------    -------------------

Slack:                    inf
  Source:                 DISP_CONTROLLER/display_counter_reg[0]/C
                            (rising edge-triggered cell FDCE clocked by sys_clk_pin  {rise@0.000ns fall@5.000ns period=10.000ns})
  Destination:            seg_out[6]
                            (output port)
  Path Group:             (none)
  Path Type:              Max at Slow Process Corner
  Data Path Delay:        10.214ns  (logic 4.786ns (46.858%)  route 5.428ns (53.142%))
  Logic Levels:           5  (LUT4=1 LUT6=2 MUXF7=1 OBUF=1)
  Clock Uncertainty:      0.025ns  ((TSJ^2 + TIJ^2)^1/2 + DJ) / 2 + PE
    Total System Jitter     (TSJ):    0.050ns
    Total Input Jitter      (TIJ):    0.000ns
    Discrete Jitter          (DJ):    0.000ns
    Phase Error              (PE):    0.000ns

    Location             Delay type                Incr(ns)  Path(ns)    Netlist Resource(s)
  -------------------------------------------------------------------    -------------------
                         (clock sys_clk_pin rise edge)
                                                      0.000     0.000 r  
    E3                                                0.000     0.000 r  clk (IN)
                         net (fo=0)                   0.000     0.000    clk
    E3                   IBUF (Prop_ibuf_I_O)         1.482     1.482 r  clk_IBUF_inst/O
                         net (fo=1, routed)           2.025     3.506    clk_IBUF
    BUFGCTRL_X0Y16       BUFG (Prop_bufg_I_O)         0.096     3.602 r  clk_IBUF_BUFG_inst/O
                         net (fo=22, routed)          1.711     5.314    DISP_CONTROLLER/clk_IBUF_BUFG
    SLICE_X1Y71          FDCE                                         r  DISP_CONTROLLER/display_counter_reg[0]/C
  -------------------------------------------------------------------    -------------------
    SLICE_X1Y71          FDCE (Prop_fdce_C_Q)         0.456     5.770 r  DISP_CONTROLLER/display_counter_reg[0]/Q
                         net (fo=21, routed)          1.249     7.019    DISP_CONTROLLER/display_counter_reg_n_0_[0]
    SLICE_X2Y68          LUT6 (Prop_lut6_I4_O)        0.124     7.143 r  DISP_CONTROLLER/seg_out_OBUF[6]_inst_i_29/O
                         net (fo=1, routed)           0.000     7.143    DISP_CONTROLLER/seg_out_OBUF[6]_inst_i_29_n_0
    SLICE_X2Y68          MUXF7 (Prop_muxf7_I1_O)      0.247     7.390 r  DISP_CONTROLLER/seg_out_OBUF[6]_inst_i_13/O
                         net (fo=1, routed)           0.816     8.206    DISP_CONTROLLER/seg_out_OBUF[6]_inst_i_13_n_0
    SLICE_X2Y70          LUT6 (Prop_lut6_I5_O)        0.298     8.504 r  DISP_CONTROLLER/seg_out_OBUF[6]_inst_i_4/O
                         net (fo=7, routed)           0.818     9.322    DISP_CONTROLLER/sel0[2]
    SLICE_X0Y70          LUT4 (Prop_lut4_I2_O)        0.124     9.446 r  DISP_CONTROLLER/seg_out_OBUF[6]_inst_i_1/O
                         net (fo=1, routed)           2.545    11.991    seg_out_OBUF[6]
    L18                  OBUF (Prop_obuf_I_O)         3.537    15.528 r  seg_out_OBUF[6]_inst/O
                         net (fo=0)                   0.000    15.528    seg_out[6]
    L18                                                               r  seg_out[6] (OUT)
  -------------------------------------------------------------------    -------------------

Slack:                    inf
  Source:                 DISP_CONTROLLER/display_counter_reg[0]/C
                            (rising edge-triggered cell FDCE clocked by sys_clk_pin  {rise@0.000ns fall@5.000ns period=10.000ns})
  Destination:            seg_out[2]
                            (output port)
  Path Group:             (none)
  Path Type:              Max at Slow Process Corner
  Data Path Delay:        10.173ns  (logic 4.742ns (46.613%)  route 5.431ns (53.387%))
  Logic Levels:           5  (LUT4=1 LUT6=2 MUXF7=1 OBUF=1)
  Clock Uncertainty:      0.025ns  ((TSJ^2 + TIJ^2)^1/2 + DJ) / 2 + PE
    Total System Jitter     (TSJ):    0.050ns
    Total Input Jitter      (TIJ):    0.000ns
    Discrete Jitter          (DJ):    0.000ns
    Phase Error              (PE):    0.000ns

    Location             Delay type                Incr(ns)  Path(ns)    Netlist Resource(s)
  -------------------------------------------------------------------    -------------------
                         (clock sys_clk_pin rise edge)
                                                      0.000     0.000 r  
    E3                                                0.000     0.000 r  clk (IN)
                         net (fo=0)                   0.000     0.000    clk
    E3                   IBUF (Prop_ibuf_I_O)         1.482     1.482 r  clk_IBUF_inst/O
                         net (fo=1, routed)           2.025     3.506    clk_IBUF
    BUFGCTRL_X0Y16       BUFG (Prop_bufg_I_O)         0.096     3.602 r  clk_IBUF_BUFG_inst/O
                         net (fo=22, routed)          1.711     5.314    DISP_CONTROLLER/clk_IBUF_BUFG
    SLICE_X1Y71          FDCE                                         r  DISP_CONTROLLER/display_counter_reg[0]/C
  -------------------------------------------------------------------    -------------------
    SLICE_X1Y71          FDCE (Prop_fdce_C_Q)         0.456     5.770 r  DISP_CONTROLLER/display_counter_reg[0]/Q
                         net (fo=21, routed)          1.249     7.019    DISP_CONTROLLER/display_counter_reg_n_0_[0]
    SLICE_X2Y68          LUT6 (Prop_lut6_I4_O)        0.124     7.143 r  DISP_CONTROLLER/seg_out_OBUF[6]_inst_i_29/O
                         net (fo=1, routed)           0.000     7.143    DISP_CONTROLLER/seg_out_OBUF[6]_inst_i_29_n_0
    SLICE_X2Y68          MUXF7 (Prop_muxf7_I1_O)      0.247     7.390 r  DISP_CONTROLLER/seg_out_OBUF[6]_inst_i_13/O
                         net (fo=1, routed)           0.816     8.206    DISP_CONTROLLER/seg_out_OBUF[6]_inst_i_13_n_0
    SLICE_X2Y70          LUT6 (Prop_lut6_I5_O)        0.298     8.504 r  DISP_CONTROLLER/seg_out_OBUF[6]_inst_i_4/O
                         net (fo=7, routed)           0.827     9.331    DISP_CONTROLLER/sel0[2]
    SLICE_X0Y70          LUT4 (Prop_lut4_I3_O)        0.124     9.455 r  DISP_CONTROLLER/seg_out_OBUF[2]_inst_i_1/O
                         net (fo=1, routed)           2.539    11.994    seg_out_OBUF[2]
    K16                  OBUF (Prop_obuf_I_O)         3.493    15.487 r  seg_out_OBUF[2]_inst/O
                         net (fo=0)                   0.000    15.487    seg_out[2]
    K16                                                               r  seg_out[2] (OUT)
  -------------------------------------------------------------------    -------------------

Slack:                    inf
  Source:                 DISP_CONTROLLER/display_counter_reg[0]/C
                            (rising edge-triggered cell FDCE clocked by sys_clk_pin  {rise@0.000ns fall@5.000ns period=10.000ns})
  Destination:            seg_out[0]
                            (output port)
  Path Group:             (none)
  Path Type:              Max at Slow Process Corner
  Data Path Delay:        10.009ns  (logic 4.826ns (48.215%)  route 5.183ns (51.785%))
  Logic Levels:           5  (LUT4=1 LUT6=2 MUXF7=1 OBUF=1)
  Clock Uncertainty:      0.025ns  ((TSJ^2 + TIJ^2)^1/2 + DJ) / 2 + PE
    Total System Jitter     (TSJ):    0.050ns
    Total Input Jitter      (TIJ):    0.000ns
    Discrete Jitter          (DJ):    0.000ns
    Phase Error              (PE):    0.000ns

    Location             Delay type                Incr(ns)  Path(ns)    Netlist Resource(s)
  -------------------------------------------------------------------    -------------------
                         (clock sys_clk_pin rise edge)
                                                      0.000     0.000 r  
    E3                                                0.000     0.000 r  clk (IN)
                         net (fo=0)                   0.000     0.000    clk
    E3                   IBUF (Prop_ibuf_I_O)         1.482     1.482 r  clk_IBUF_inst/O
                         net (fo=1, routed)           2.025     3.506    clk_IBUF
    BUFGCTRL_X0Y16       BUFG (Prop_bufg_I_O)         0.096     3.602 r  clk_IBUF_BUFG_inst/O
                         net (fo=22, routed)          1.711     5.314    DISP_CONTROLLER/clk_IBUF_BUFG
    SLICE_X1Y71          FDCE                                         r  DISP_CONTROLLER/display_counter_reg[0]/C
  -------------------------------------------------------------------    -------------------
    SLICE_X1Y71          FDCE (Prop_fdce_C_Q)         0.456     5.770 r  DISP_CONTROLLER/display_counter_reg[0]/Q
                         net (fo=21, routed)          1.249     7.019    DISP_CONTROLLER/display_counter_reg_n_0_[0]
    SLICE_X2Y68          LUT6 (Prop_lut6_I4_O)        0.124     7.143 r  DISP_CONTROLLER/seg_out_OBUF[6]_inst_i_29/O
                         net (fo=1, routed)           0.000     7.143    DISP_CONTROLLER/seg_out_OBUF[6]_inst_i_29_n_0
    SLICE_X2Y68          MUXF7 (Prop_muxf7_I1_O)      0.247     7.390 r  DISP_CONTROLLER/seg_out_OBUF[6]_inst_i_13/O
                         net (fo=1, routed)           0.816     8.206    DISP_CONTROLLER/seg_out_OBUF[6]_inst_i_13_n_0
    SLICE_X2Y70          LUT6 (Prop_lut6_I5_O)        0.298     8.504 r  DISP_CONTROLLER/seg_out_OBUF[6]_inst_i_4/O
                         net (fo=7, routed)           0.834     9.338    DISP_CONTROLLER/sel0[2]
    SLICE_X0Y70          LUT4 (Prop_lut4_I1_O)        0.124     9.462 r  DISP_CONTROLLER/seg_out_OBUF[0]_inst_i_1/O
                         net (fo=1, routed)           2.284    11.746    seg_out_OBUF[0]
    T10                  OBUF (Prop_obuf_I_O)         3.577    15.323 r  seg_out_OBUF[0]_inst/O
                         net (fo=0)                   0.000    15.323    seg_out[0]
    T10                                                               r  seg_out[0] (OUT)
  -------------------------------------------------------------------    -------------------

Slack:                    inf
  Source:                 DISP_CONTROLLER/display_counter_reg[0]/C
                            (rising edge-triggered cell FDCE clocked by sys_clk_pin  {rise@0.000ns fall@5.000ns period=10.000ns})
  Destination:            seg_out[5]
                            (output port)
  Path Group:             (none)
  Path Type:              Max at Slow Process Corner
  Data Path Delay:        9.650ns  (logic 5.042ns (52.245%)  route 4.608ns (47.755%))
  Logic Levels:           5  (LUT4=1 LUT6=2 MUXF7=1 OBUF=1)
  Clock Uncertainty:      0.025ns  ((TSJ^2 + TIJ^2)^1/2 + DJ) / 2 + PE
    Total System Jitter     (TSJ):    0.050ns
    Total Input Jitter      (TIJ):    0.000ns
    Discrete Jitter          (DJ):    0.000ns
    Phase Error              (PE):    0.000ns

    Location             Delay type                Incr(ns)  Path(ns)    Netlist Resource(s)
  -------------------------------------------------------------------    -------------------
                         (clock sys_clk_pin rise edge)
                                                      0.000     0.000 r  
    E3                                                0.000     0.000 r  clk (IN)
                         net (fo=0)                   0.000     0.000    clk
    E3                   IBUF (Prop_ibuf_I_O)         1.482     1.482 r  clk_IBUF_inst/O
                         net (fo=1, routed)           2.025     3.506    clk_IBUF
    BUFGCTRL_X0Y16       BUFG (Prop_bufg_I_O)         0.096     3.602 r  clk_IBUF_BUFG_inst/O
                         net (fo=22, routed)          1.711     5.314    DISP_CONTROLLER/clk_IBUF_BUFG
    SLICE_X1Y71          FDCE                                         r  DISP_CONTROLLER/display_counter_reg[0]/C
  -------------------------------------------------------------------    -------------------
    SLICE_X1Y71          FDCE (Prop_fdce_C_Q)         0.456     5.770 r  DISP_CONTROLLER/display_counter_reg[0]/Q
                         net (fo=21, routed)          1.249     7.019    DISP_CONTROLLER/display_counter_reg_n_0_[0]
    SLICE_X2Y68          LUT6 (Prop_lut6_I4_O)        0.124     7.143 r  DISP_CONTROLLER/seg_out_OBUF[6]_inst_i_29/O
                         net (fo=1, routed)           0.000     7.143    DISP_CONTROLLER/seg_out_OBUF[6]_inst_i_29_n_0
    SLICE_X2Y68          MUXF7 (Prop_muxf7_I1_O)      0.247     7.390 r  DISP_CONTROLLER/seg_out_OBUF[6]_inst_i_13/O
                         net (fo=1, routed)           0.816     8.206    DISP_CONTROLLER/seg_out_OBUF[6]_inst_i_13_n_0
    SLICE_X2Y70          LUT6 (Prop_lut6_I5_O)        0.298     8.504 r  DISP_CONTROLLER/seg_out_OBUF[6]_inst_i_4/O
                         net (fo=7, routed)           0.662     9.166    DISP_CONTROLLER/sel0[2]
    SLICE_X0Y70          LUT4 (Prop_lut4_I1_O)        0.153     9.319 r  DISP_CONTROLLER/seg_out_OBUF[5]_inst_i_1/O
                         net (fo=1, routed)           1.881    11.200    seg_out_OBUF[5]
    T11                  OBUF (Prop_obuf_I_O)         3.764    14.964 r  seg_out_OBUF[5]_inst/O
                         net (fo=0)                   0.000    14.964    seg_out[5]
    T11                                                               r  seg_out[5] (OUT)
  -------------------------------------------------------------------    -------------------

Slack:                    inf
  Source:                 DISP_CONTROLLER/display_counter_reg[0]/C
                            (rising edge-triggered cell FDCE clocked by sys_clk_pin  {rise@0.000ns fall@5.000ns period=10.000ns})
  Destination:            seg_out[4]
                            (output port)
  Path Group:             (none)
  Path Type:              Max at Slow Process Corner
  Data Path Delay:        9.373ns  (logic 4.783ns (51.023%)  route 4.591ns (48.977%))
  Logic Levels:           5  (LUT4=1 LUT6=2 MUXF7=1 OBUF=1)
  Clock Uncertainty:      0.025ns  ((TSJ^2 + TIJ^2)^1/2 + DJ) / 2 + PE
    Total System Jitter     (TSJ):    0.050ns
    Total Input Jitter      (TIJ):    0.000ns
    Discrete Jitter          (DJ):    0.000ns
    Phase Error              (PE):    0.000ns

    Location             Delay type                Incr(ns)  Path(ns)    Netlist Resource(s)
  -------------------------------------------------------------------    -------------------
                         (clock sys_clk_pin rise edge)
                                                      0.000     0.000 r  
    E3                                                0.000     0.000 r  clk (IN)
                         net (fo=0)                   0.000     0.000    clk
    E3                   IBUF (Prop_ibuf_I_O)         1.482     1.482 r  clk_IBUF_inst/O
                         net (fo=1, routed)           2.025     3.506    clk_IBUF
    BUFGCTRL_X0Y16       BUFG (Prop_bufg_I_O)         0.096     3.602 r  clk_IBUF_BUFG_inst/O
                         net (fo=22, routed)          1.711     5.314    DISP_CONTROLLER/clk_IBUF_BUFG
    SLICE_X1Y71          FDCE                                         r  DISP_CONTROLLER/display_counter_reg[0]/C
  -------------------------------------------------------------------    -------------------
    SLICE_X1Y71          FDCE (Prop_fdce_C_Q)         0.456     5.770 r  DISP_CONTROLLER/display_counter_reg[0]/Q
                         net (fo=21, routed)          1.249     7.019    DISP_CONTROLLER/display_counter_reg_n_0_[0]
    SLICE_X2Y68          LUT6 (Prop_lut6_I4_O)        0.124     7.143 r  DISP_CONTROLLER/seg_out_OBUF[6]_inst_i_29/O
                         net (fo=1, routed)           0.000     7.143    DISP_CONTROLLER/seg_out_OBUF[6]_inst_i_29_n_0
    SLICE_X2Y68          MUXF7 (Prop_muxf7_I1_O)      0.247     7.390 r  DISP_CONTROLLER/seg_out_OBUF[6]_inst_i_13/O
                         net (fo=1, routed)           0.816     8.206    DISP_CONTROLLER/seg_out_OBUF[6]_inst_i_13_n_0
    SLICE_X2Y70          LUT6 (Prop_lut6_I5_O)        0.298     8.504 r  DISP_CONTROLLER/seg_out_OBUF[6]_inst_i_4/O
                         net (fo=7, routed)           0.662     9.166    DISP_CONTROLLER/sel0[2]
    SLICE_X0Y70          LUT4 (Prop_lut4_I2_O)        0.124     9.290 r  DISP_CONTROLLER/seg_out_OBUF[4]_inst_i_1/O
                         net (fo=1, routed)           1.864    11.153    seg_out_OBUF[4]
    P15                  OBUF (Prop_obuf_I_O)         3.534    14.687 r  seg_out_OBUF[4]_inst/O
                         net (fo=0)                   0.000    14.687    seg_out[4]
    P15                                                               r  seg_out[4] (OUT)
  -------------------------------------------------------------------    -------------------

Slack:                    inf
  Source:                 DISP_CONTROLLER/display_counter_reg[2]/C
                            (rising edge-triggered cell FDCE clocked by sys_clk_pin  {rise@0.000ns fall@5.000ns period=10.000ns})
  Destination:            AN[3]
                            (output port)
  Path Group:             (none)
  Path Type:              Max at Slow Process Corner
  Data Path Delay:        8.415ns  (logic 4.497ns (53.440%)  route 3.918ns (46.560%))
  Logic Levels:           2  (LUT3=1 OBUF=1)
  Clock Uncertainty:      0.025ns  ((TSJ^2 + TIJ^2)^1/2 + DJ) / 2 + PE
    Total System Jitter     (TSJ):    0.050ns
    Total Input Jitter      (TIJ):    0.000ns
    Discrete Jitter          (DJ):    0.000ns
    Phase Error              (PE):    0.000ns

    Location             Delay type                Incr(ns)  Path(ns)    Netlist Resource(s)
  -------------------------------------------------------------------    -------------------
                         (clock sys_clk_pin rise edge)
                                                      0.000     0.000 r  
    E3                                                0.000     0.000 r  clk (IN)
                         net (fo=0)                   0.000     0.000    clk
    E3                   IBUF (Prop_ibuf_I_O)         1.482     1.482 r  clk_IBUF_inst/O
                         net (fo=1, routed)           2.025     3.506    clk_IBUF
    BUFGCTRL_X0Y16       BUFG (Prop_bufg_I_O)         0.096     3.602 r  clk_IBUF_BUFG_inst/O
                         net (fo=22, routed)          1.708     5.311    DISP_CONTROLLER/clk_IBUF_BUFG
    SLICE_X1Y72          FDCE                                         r  DISP_CONTROLLER/display_counter_reg[2]/C
  -------------------------------------------------------------------    -------------------
    SLICE_X1Y72          FDCE (Prop_fdce_C_Q)         0.419     5.730 f  DISP_CONTROLLER/display_counter_reg[2]/Q
                         net (fo=13, routed)          0.866     6.596    DISP_CONTROLLER/display_counter_reg_n_0_[2]
    SLICE_X1Y74          LUT3 (Prop_lut3_I2_O)        0.324     6.920 r  DISP_CONTROLLER/AN_OBUF[3]_inst_i_1/O
                         net (fo=1, routed)           3.052     9.972    AN_OBUF[3]
    J14                  OBUF (Prop_obuf_I_O)         3.754    13.726 r  AN_OBUF[3]_inst/O
                         net (fo=0)                   0.000    13.726    AN[3]
    J14                                                               r  AN[3] (OUT)
  -------------------------------------------------------------------    -------------------

Slack:                    inf
  Source:                 DISP_CONTROLLER/display_counter_reg[2]/C
                            (rising edge-triggered cell FDCE clocked by sys_clk_pin  {rise@0.000ns fall@5.000ns period=10.000ns})
  Destination:            AN[0]
                            (output port)
  Path Group:             (none)
  Path Type:              Max at Slow Process Corner
  Data Path Delay:        7.658ns  (logic 4.251ns (55.503%)  route 3.408ns (44.497%))
  Logic Levels:           2  (LUT3=1 OBUF=1)
  Clock Uncertainty:      0.025ns  ((TSJ^2 + TIJ^2)^1/2 + DJ) / 2 + PE
    Total System Jitter     (TSJ):    0.050ns
    Total Input Jitter      (TIJ):    0.000ns
    Discrete Jitter          (DJ):    0.000ns
    Phase Error              (PE):    0.000ns

    Location             Delay type                Incr(ns)  Path(ns)    Netlist Resource(s)
  -------------------------------------------------------------------    -------------------
                         (clock sys_clk_pin rise edge)
                                                      0.000     0.000 r  
    E3                                                0.000     0.000 r  clk (IN)
                         net (fo=0)                   0.000     0.000    clk
    E3                   IBUF (Prop_ibuf_I_O)         1.482     1.482 r  clk_IBUF_inst/O
                         net (fo=1, routed)           2.025     3.506    clk_IBUF
    BUFGCTRL_X0Y16       BUFG (Prop_bufg_I_O)         0.096     3.602 r  clk_IBUF_BUFG_inst/O
                         net (fo=22, routed)          1.708     5.311    DISP_CONTROLLER/clk_IBUF_BUFG
    SLICE_X1Y72          FDCE                                         r  DISP_CONTROLLER/display_counter_reg[2]/C
  -------------------------------------------------------------------    -------------------
    SLICE_X1Y72          FDCE (Prop_fdce_C_Q)         0.419     5.730 r  DISP_CONTROLLER/display_counter_reg[2]/Q
                         net (fo=13, routed)          0.868     6.598    DISP_CONTROLLER/display_counter_reg_n_0_[2]
    SLICE_X1Y74          LUT3 (Prop_lut3_I2_O)        0.296     6.894 r  DISP_CONTROLLER/AN_OBUF[0]_inst_i_1/O
                         net (fo=1, routed)           2.539     9.433    AN_OBUF[0]
    J17                  OBUF (Prop_obuf_I_O)         3.536    12.969 r  AN_OBUF[0]_inst/O
                         net (fo=0)                   0.000    12.969    AN[0]
    J17                                                               r  AN[0] (OUT)
  -------------------------------------------------------------------    -------------------

Slack:                    inf
  Source:                 DISP_CONTROLLER/display_counter_reg[2]/C
                            (rising edge-triggered cell FDCE clocked by sys_clk_pin  {rise@0.000ns fall@5.000ns period=10.000ns})
  Destination:            AN[2]
                            (output port)
  Path Group:             (none)
  Path Type:              Max at Slow Process Corner
  Data Path Delay:        7.597ns  (logic 4.517ns (59.459%)  route 3.080ns (40.541%))
  Logic Levels:           2  (LUT3=1 OBUF=1)
  Clock Uncertainty:      0.025ns  ((TSJ^2 + TIJ^2)^1/2 + DJ) / 2 + PE
    Total System Jitter     (TSJ):    0.050ns
    Total Input Jitter      (TIJ):    0.000ns
    Discrete Jitter          (DJ):    0.000ns
    Phase Error              (PE):    0.000ns

    Location             Delay type                Incr(ns)  Path(ns)    Netlist Resource(s)
  -------------------------------------------------------------------    -------------------
                         (clock sys_clk_pin rise edge)
                                                      0.000     0.000 r  
    E3                                                0.000     0.000 r  clk (IN)
                         net (fo=0)                   0.000     0.000    clk
    E3                   IBUF (Prop_ibuf_I_O)         1.482     1.482 r  clk_IBUF_inst/O
                         net (fo=1, routed)           2.025     3.506    clk_IBUF
    BUFGCTRL_X0Y16       BUFG (Prop_bufg_I_O)         0.096     3.602 r  clk_IBUF_BUFG_inst/O
                         net (fo=22, routed)          1.708     5.311    DISP_CONTROLLER/clk_IBUF_BUFG
    SLICE_X1Y72          FDCE                                         r  DISP_CONTROLLER/display_counter_reg[2]/C
  -------------------------------------------------------------------    -------------------
    SLICE_X1Y72          FDCE (Prop_fdce_C_Q)         0.419     5.730 r  DISP_CONTROLLER/display_counter_reg[2]/Q
                         net (fo=13, routed)          0.794     6.524    DISP_CONTROLLER/display_counter_reg_n_0_[2]
    SLICE_X1Y70          LUT3 (Prop_lut3_I2_O)        0.322     6.846 r  DISP_CONTROLLER/AN_OBUF[2]_inst_i_1/O
                         net (fo=1, routed)           2.286     9.132    AN_OBUF[2]
    T9                   OBUF (Prop_obuf_I_O)         3.776    12.908 r  AN_OBUF[2]_inst/O
                         net (fo=0)                   0.000    12.908    AN[2]
    T9                                                                r  AN[2] (OUT)
  -------------------------------------------------------------------    -------------------





Min Delay Paths
--------------------------------------------------------------------------------------
Slack:                    inf
  Source:                 DISP_CONTROLLER/display_counter_reg[1]/C
                            (rising edge-triggered cell FDCE clocked by sys_clk_pin  {rise@0.000ns fall@5.000ns period=10.000ns})
  Destination:            AN[5]
                            (output port)
  Path Group:             (none)
  Path Type:              Min at Fast Process Corner
  Data Path Delay:        2.090ns  (logic 1.499ns (71.743%)  route 0.591ns (28.257%))
  Logic Levels:           2  (LUT3=1 OBUF=1)
  Clock Uncertainty:      0.025ns  ((TSJ^2 + TIJ^2)^1/2 + DJ) / 2 + PE
    Total System Jitter     (TSJ):    0.050ns
    Total Input Jitter      (TIJ):    0.000ns
    Discrete Jitter          (DJ):    0.000ns
    Phase Error              (PE):    0.000ns

    Location             Delay type                Incr(ns)  Path(ns)    Netlist Resource(s)
  -------------------------------------------------------------------    -------------------
                         (clock sys_clk_pin rise edge)
                                                      0.000     0.000 r  
    E3                                                0.000     0.000 r  clk (IN)
                         net (fo=0)                   0.000     0.000    clk
    E3                   IBUF (Prop_ibuf_I_O)         0.250     0.250 r  clk_IBUF_inst/O
                         net (fo=1, routed)           0.644     0.894    clk_IBUF
    BUFGCTRL_X0Y16       BUFG (Prop_bufg_I_O)         0.026     0.920 r  clk_IBUF_BUFG_inst/O
                         net (fo=22, routed)          0.594     1.513    DISP_CONTROLLER/clk_IBUF_BUFG
    SLICE_X1Y72          FDCE                                         r  DISP_CONTROLLER/display_counter_reg[1]/C
  -------------------------------------------------------------------    -------------------
    SLICE_X1Y72          FDCE (Prop_fdce_C_Q)         0.141     1.654 f  DISP_CONTROLLER/display_counter_reg[1]/Q
                         net (fo=17, routed)          0.255     1.909    DISP_CONTROLLER/display_counter_reg_n_0_[1]
    SLICE_X1Y72          LUT3 (Prop_lut3_I0_O)        0.044     1.953 r  DISP_CONTROLLER/AN_OBUF[5]_inst_i_1/O
                         net (fo=1, routed)           0.336     2.289    AN_OBUF[5]
    T14                  OBUF (Prop_obuf_I_O)         1.314     3.603 r  AN_OBUF[5]_inst/O
                         net (fo=0)                   0.000     3.603    AN[5]
    T14                                                               r  AN[5] (OUT)
  -------------------------------------------------------------------    -------------------

Slack:                    inf
  Source:                 DISP_CONTROLLER/display_counter_reg[1]/C
                            (rising edge-triggered cell FDCE clocked by sys_clk_pin  {rise@0.000ns fall@5.000ns period=10.000ns})
  Destination:            AN[4]
                            (output port)
  Path Group:             (none)
  Path Type:              Min at Fast Process Corner
  Data Path Delay:        2.219ns  (logic 1.437ns (64.748%)  route 0.782ns (35.252%))
  Logic Levels:           2  (LUT3=1 OBUF=1)
  Clock Uncertainty:      0.025ns  ((TSJ^2 + TIJ^2)^1/2 + DJ) / 2 + PE
    Total System Jitter     (TSJ):    0.050ns
    Total Input Jitter      (TIJ):    0.000ns
    Discrete Jitter          (DJ):    0.000ns
    Phase Error              (PE):    0.000ns

    Location             Delay type                Incr(ns)  Path(ns)    Netlist Resource(s)
  -------------------------------------------------------------------    -------------------
                         (clock sys_clk_pin rise edge)
                                                      0.000     0.000 r  
    E3                                                0.000     0.000 r  clk (IN)
                         net (fo=0)                   0.000     0.000    clk
    E3                   IBUF (Prop_ibuf_I_O)         0.250     0.250 r  clk_IBUF_inst/O
                         net (fo=1, routed)           0.644     0.894    clk_IBUF
    BUFGCTRL_X0Y16       BUFG (Prop_bufg_I_O)         0.026     0.920 r  clk_IBUF_BUFG_inst/O
                         net (fo=22, routed)          0.594     1.513    DISP_CONTROLLER/clk_IBUF_BUFG
    SLICE_X1Y72          FDCE                                         r  DISP_CONTROLLER/display_counter_reg[1]/C
  -------------------------------------------------------------------    -------------------
    SLICE_X1Y72          FDCE (Prop_fdce_C_Q)         0.141     1.654 r  DISP_CONTROLLER/display_counter_reg[1]/Q
                         net (fo=17, routed)          0.255     1.909    DISP_CONTROLLER/display_counter_reg_n_0_[1]
    SLICE_X1Y72          LUT3 (Prop_lut3_I0_O)        0.045     1.954 r  DISP_CONTROLLER/AN_OBUF[4]_inst_i_1/O
                         net (fo=1, routed)           0.528     2.482    AN_OBUF[4]
    P14                  OBUF (Prop_obuf_I_O)         1.251     3.732 r  AN_OBUF[4]_inst/O
                         net (fo=0)                   0.000     3.732    AN[4]
    P14                                                               r  AN[4] (OUT)
  -------------------------------------------------------------------    -------------------

Slack:                    inf
  Source:                 DISP_CONTROLLER/display_counter_reg[0]/C
                            (rising edge-triggered cell FDCE clocked by sys_clk_pin  {rise@0.000ns fall@5.000ns period=10.000ns})
  Destination:            AN[2]
                            (output port)
  Path Group:             (none)
  Path Type:              Min at Fast Process Corner
  Data Path Delay:        2.382ns  (logic 1.520ns (63.792%)  route 0.863ns (36.208%))
  Logic Levels:           2  (LUT3=1 OBUF=1)
  Clock Uncertainty:      0.025ns  ((TSJ^2 + TIJ^2)^1/2 + DJ) / 2 + PE
    Total System Jitter     (TSJ):    0.050ns
    Total Input Jitter      (TIJ):    0.000ns
    Discrete Jitter          (DJ):    0.000ns
    Phase Error              (PE):    0.000ns

    Location             Delay type                Incr(ns)  Path(ns)    Netlist Resource(s)
  -------------------------------------------------------------------    -------------------
                         (clock sys_clk_pin rise edge)
                                                      0.000     0.000 r  
    E3                                                0.000     0.000 r  clk (IN)
                         net (fo=0)                   0.000     0.000    clk
    E3                   IBUF (Prop_ibuf_I_O)         0.250     0.250 r  clk_IBUF_inst/O
                         net (fo=1, routed)           0.644     0.894    clk_IBUF
    BUFGCTRL_X0Y16       BUFG (Prop_bufg_I_O)         0.026     0.920 r  clk_IBUF_BUFG_inst/O
                         net (fo=22, routed)          0.594     1.513    DISP_CONTROLLER/clk_IBUF_BUFG
    SLICE_X1Y71          FDCE                                         r  DISP_CONTROLLER/display_counter_reg[0]/C
  -------------------------------------------------------------------    -------------------
    SLICE_X1Y71          FDCE (Prop_fdce_C_Q)         0.141     1.654 f  DISP_CONTROLLER/display_counter_reg[0]/Q
                         net (fo=21, routed)          0.265     1.920    DISP_CONTROLLER/display_counter_reg_n_0_[0]
    SLICE_X1Y70          LUT3 (Prop_lut3_I1_O)        0.042     1.962 r  DISP_CONTROLLER/AN_OBUF[2]_inst_i_1/O
                         net (fo=1, routed)           0.597     2.559    AN_OBUF[2]
    T9                   OBUF (Prop_obuf_I_O)         1.337     3.896 r  AN_OBUF[2]_inst/O
                         net (fo=0)                   0.000     3.896    AN[2]
    T9                                                                r  AN[2] (OUT)
  -------------------------------------------------------------------    -------------------

Slack:                    inf
  Source:                 DISP_CONTROLLER/display_counter_reg[1]/C
                            (rising edge-triggered cell FDCE clocked by sys_clk_pin  {rise@0.000ns fall@5.000ns period=10.000ns})
  Destination:            AN[1]
                            (output port)
  Path Group:             (none)
  Path Type:              Min at Fast Process Corner
  Data Path Delay:        2.398ns  (logic 1.422ns (59.310%)  route 0.976ns (40.690%))
  Logic Levels:           2  (LUT3=1 OBUF=1)
  Clock Uncertainty:      0.025ns  ((TSJ^2 + TIJ^2)^1/2 + DJ) / 2 + PE
    Total System Jitter     (TSJ):    0.050ns
    Total Input Jitter      (TIJ):    0.000ns
    Discrete Jitter          (DJ):    0.000ns
    Phase Error              (PE):    0.000ns

    Location             Delay type                Incr(ns)  Path(ns)    Netlist Resource(s)
  -------------------------------------------------------------------    -------------------
                         (clock sys_clk_pin rise edge)
                                                      0.000     0.000 r  
    E3                                                0.000     0.000 r  clk (IN)
                         net (fo=0)                   0.000     0.000    clk
    E3                   IBUF (Prop_ibuf_I_O)         0.250     0.250 r  clk_IBUF_inst/O
                         net (fo=1, routed)           0.644     0.894    clk_IBUF
    BUFGCTRL_X0Y16       BUFG (Prop_bufg_I_O)         0.026     0.920 r  clk_IBUF_BUFG_inst/O
                         net (fo=22, routed)          0.594     1.513    DISP_CONTROLLER/clk_IBUF_BUFG
    SLICE_X1Y72          FDCE                                         r  DISP_CONTROLLER/display_counter_reg[1]/C
  -------------------------------------------------------------------    -------------------
    SLICE_X1Y72          FDCE (Prop_fdce_C_Q)         0.141     1.654 f  DISP_CONTROLLER/display_counter_reg[1]/Q
                         net (fo=17, routed)          0.323     1.977    DISP_CONTROLLER/display_counter_reg_n_0_[1]
    SLICE_X1Y74          LUT3 (Prop_lut3_I0_O)        0.045     2.022 r  DISP_CONTROLLER/AN_OBUF[1]_inst_i_1/O
                         net (fo=1, routed)           0.653     2.675    AN_OBUF[1]
    J18                  OBUF (Prop_obuf_I_O)         1.236     3.912 r  AN_OBUF[1]_inst/O
                         net (fo=0)                   0.000     3.912    AN[1]
    J18                                                               r  AN[1] (OUT)
  -------------------------------------------------------------------    -------------------

Slack:                    inf
  Source:                 DISP_CONTROLLER/display_counter_reg[0]/C
                            (rising edge-triggered cell FDCE clocked by sys_clk_pin  {rise@0.000ns fall@5.000ns period=10.000ns})
  Destination:            seg_out[4]
                            (output port)
  Path Group:             (none)
  Path Type:              Min at Fast Process Corner
  Data Path Delay:        2.419ns  (logic 1.465ns (60.566%)  route 0.954ns (39.434%))
  Logic Levels:           3  (LUT4=1 LUT6=1 OBUF=1)
  Clock Uncertainty:      0.025ns  ((TSJ^2 + TIJ^2)^1/2 + DJ) / 2 + PE
    Total System Jitter     (TSJ):    0.050ns
    Total Input Jitter      (TIJ):    0.000ns
    Discrete Jitter          (DJ):    0.000ns
    Phase Error              (PE):    0.000ns

    Location             Delay type                Incr(ns)  Path(ns)    Netlist Resource(s)
  -------------------------------------------------------------------    -------------------
                         (clock sys_clk_pin rise edge)
                                                      0.000     0.000 r  
    E3                                                0.000     0.000 r  clk (IN)
                         net (fo=0)                   0.000     0.000    clk
    E3                   IBUF (Prop_ibuf_I_O)         0.250     0.250 r  clk_IBUF_inst/O
                         net (fo=1, routed)           0.644     0.894    clk_IBUF
    BUFGCTRL_X0Y16       BUFG (Prop_bufg_I_O)         0.026     0.920 r  clk_IBUF_BUFG_inst/O
                         net (fo=22, routed)          0.594     1.513    DISP_CONTROLLER/clk_IBUF_BUFG
    SLICE_X1Y71          FDCE                                         r  DISP_CONTROLLER/display_counter_reg[0]/C
  -------------------------------------------------------------------    -------------------
    SLICE_X1Y71          FDCE (Prop_fdce_C_Q)         0.141     1.654 r  DISP_CONTROLLER/display_counter_reg[0]/Q
                         net (fo=21, routed)          0.312     1.967    DISP_CONTROLLER/display_counter_reg_n_0_[0]
    SLICE_X2Y70          LUT6 (Prop_lut6_I2_O)        0.045     2.012 r  DISP_CONTROLLER/seg_out_OBUF[6]_inst_i_4/O
                         net (fo=7, routed)           0.233     2.245    DISP_CONTROLLER/sel0[2]
    SLICE_X0Y70          LUT4 (Prop_lut4_I2_O)        0.045     2.290 r  DISP_CONTROLLER/seg_out_OBUF[4]_inst_i_1/O
                         net (fo=1, routed)           0.409     2.698    seg_out_OBUF[4]
    P15                  OBUF (Prop_obuf_I_O)         1.234     3.933 r  seg_out_OBUF[4]_inst/O
                         net (fo=0)                   0.000     3.933    seg_out[4]
    P15                                                               r  seg_out[4] (OUT)
  -------------------------------------------------------------------    -------------------

Slack:                    inf
  Source:                 DISP_CONTROLLER/display_counter_reg[1]/C
                            (rising edge-triggered cell FDCE clocked by sys_clk_pin  {rise@0.000ns fall@5.000ns period=10.000ns})
  Destination:            AN[0]
                            (output port)
  Path Group:             (none)
  Path Type:              Min at Fast Process Corner
  Data Path Delay:        2.473ns  (logic 1.422ns (57.525%)  route 1.050ns (42.475%))
  Logic Levels:           2  (LUT3=1 OBUF=1)
  Clock Uncertainty:      0.025ns  ((TSJ^2 + TIJ^2)^1/2 + DJ) / 2 + PE
    Total System Jitter     (TSJ):    0.050ns
    Total Input Jitter      (TIJ):    0.000ns
    Discrete Jitter          (DJ):    0.000ns
    Phase Error              (PE):    0.000ns

    Location             Delay type                Incr(ns)  Path(ns)    Netlist Resource(s)
  -------------------------------------------------------------------    -------------------
                         (clock sys_clk_pin rise edge)
                                                      0.000     0.000 r  
    E3                                                0.000     0.000 r  clk (IN)
                         net (fo=0)                   0.000     0.000    clk
    E3                   IBUF (Prop_ibuf_I_O)         0.250     0.250 r  clk_IBUF_inst/O
                         net (fo=1, routed)           0.644     0.894    clk_IBUF
    BUFGCTRL_X0Y16       BUFG (Prop_bufg_I_O)         0.026     0.920 r  clk_IBUF_BUFG_inst/O
                         net (fo=22, routed)          0.594     1.513    DISP_CONTROLLER/clk_IBUF_BUFG
    SLICE_X1Y72          FDCE                                         r  DISP_CONTROLLER/display_counter_reg[1]/C
  -------------------------------------------------------------------    -------------------
    SLICE_X1Y72          FDCE (Prop_fdce_C_Q)         0.141     1.654 r  DISP_CONTROLLER/display_counter_reg[1]/Q
                         net (fo=17, routed)          0.323     1.977    DISP_CONTROLLER/display_counter_reg_n_0_[1]
    SLICE_X1Y74          LUT3 (Prop_lut3_I0_O)        0.045     2.022 r  DISP_CONTROLLER/AN_OBUF[0]_inst_i_1/O
                         net (fo=1, routed)           0.727     2.750    AN_OBUF[0]
    J17                  OBUF (Prop_obuf_I_O)         1.236     3.986 r  AN_OBUF[0]_inst/O
                         net (fo=0)                   0.000     3.986    AN[0]
    J17                                                               r  AN[0] (OUT)
  -------------------------------------------------------------------    -------------------

Slack:                    inf
  Source:                 DISP_CONTROLLER/display_counter_reg[0]/C
                            (rising edge-triggered cell FDCE clocked by sys_clk_pin  {rise@0.000ns fall@5.000ns period=10.000ns})
  Destination:            seg_out[5]
                            (output port)
  Path Group:             (none)
  Path Type:              Min at Fast Process Corner
  Data Path Delay:        2.531ns  (logic 1.554ns (61.409%)  route 0.977ns (38.591%))
  Logic Levels:           3  (LUT4=1 LUT6=1 OBUF=1)
  Clock Uncertainty:      0.025ns  ((TSJ^2 + TIJ^2)^1/2 + DJ) / 2 + PE
    Total System Jitter     (TSJ):    0.050ns
    Total Input Jitter      (TIJ):    0.000ns
    Discrete Jitter          (DJ):    0.000ns
    Phase Error              (PE):    0.000ns

    Location             Delay type                Incr(ns)  Path(ns)    Netlist Resource(s)
  -------------------------------------------------------------------    -------------------
                         (clock sys_clk_pin rise edge)
                                                      0.000     0.000 r  
    E3                                                0.000     0.000 r  clk (IN)
                         net (fo=0)                   0.000     0.000    clk
    E3                   IBUF (Prop_ibuf_I_O)         0.250     0.250 r  clk_IBUF_inst/O
                         net (fo=1, routed)           0.644     0.894    clk_IBUF
    BUFGCTRL_X0Y16       BUFG (Prop_bufg_I_O)         0.026     0.920 r  clk_IBUF_BUFG_inst/O
                         net (fo=22, routed)          0.594     1.513    DISP_CONTROLLER/clk_IBUF_BUFG
    SLICE_X1Y71          FDCE                                         r  DISP_CONTROLLER/display_counter_reg[0]/C
  -------------------------------------------------------------------    -------------------
    SLICE_X1Y71          FDCE (Prop_fdce_C_Q)         0.141     1.654 r  DISP_CONTROLLER/display_counter_reg[0]/Q
                         net (fo=21, routed)          0.312     1.967    DISP_CONTROLLER/display_counter_reg_n_0_[0]
    SLICE_X2Y70          LUT6 (Prop_lut6_I2_O)        0.045     2.012 r  DISP_CONTROLLER/seg_out_OBUF[6]_inst_i_4/O
                         net (fo=7, routed)           0.233     2.245    DISP_CONTROLLER/sel0[2]
    SLICE_X0Y70          LUT4 (Prop_lut4_I1_O)        0.042     2.287 r  DISP_CONTROLLER/seg_out_OBUF[5]_inst_i_1/O
                         net (fo=1, routed)           0.431     2.718    seg_out_OBUF[5]
    T11                  OBUF (Prop_obuf_I_O)         1.326     4.044 r  seg_out_OBUF[5]_inst/O
                         net (fo=0)                   0.000     4.044    seg_out[5]
    T11                                                               r  seg_out[5] (OUT)
  -------------------------------------------------------------------    -------------------

Slack:                    inf
  Source:                 DISP_CONTROLLER/display_counter_reg[0]/C
                            (rising edge-triggered cell FDCE clocked by sys_clk_pin  {rise@0.000ns fall@5.000ns period=10.000ns})
  Destination:            seg_out[0]
                            (output port)
  Path Group:             (none)
  Path Type:              Min at Fast Process Corner
  Data Path Delay:        2.609ns  (logic 1.508ns (57.807%)  route 1.101ns (42.193%))
  Logic Levels:           3  (LUT4=1 LUT6=1 OBUF=1)
  Clock Uncertainty:      0.025ns  ((TSJ^2 + TIJ^2)^1/2 + DJ) / 2 + PE
    Total System Jitter     (TSJ):    0.050ns
    Total Input Jitter      (TIJ):    0.000ns
    Discrete Jitter          (DJ):    0.000ns
    Phase Error              (PE):    0.000ns

    Location             Delay type                Incr(ns)  Path(ns)    Netlist Resource(s)
  -------------------------------------------------------------------    -------------------
                         (clock sys_clk_pin rise edge)
                                                      0.000     0.000 r  
    E3                                                0.000     0.000 r  clk (IN)
                         net (fo=0)                   0.000     0.000    clk
    E3                   IBUF (Prop_ibuf_I_O)         0.250     0.250 r  clk_IBUF_inst/O
                         net (fo=1, routed)           0.644     0.894    clk_IBUF
    BUFGCTRL_X0Y16       BUFG (Prop_bufg_I_O)         0.026     0.920 r  clk_IBUF_BUFG_inst/O
                         net (fo=22, routed)          0.594     1.513    DISP_CONTROLLER/clk_IBUF_BUFG
    SLICE_X1Y71          FDCE                                         r  DISP_CONTROLLER/display_counter_reg[0]/C
  -------------------------------------------------------------------    -------------------
    SLICE_X1Y71          FDCE (Prop_fdce_C_Q)         0.141     1.654 r  DISP_CONTROLLER/display_counter_reg[0]/Q
                         net (fo=21, routed)          0.267     1.922    DISP_CONTROLLER/display_counter_reg_n_0_[0]
    SLICE_X1Y70          LUT6 (Prop_lut6_I2_O)        0.045     1.967 r  DISP_CONTROLLER/seg_out_OBUF[6]_inst_i_2/O
                         net (fo=7, routed)           0.241     2.207    DISP_CONTROLLER/sel0[3]
    SLICE_X0Y70          LUT4 (Prop_lut4_I0_O)        0.045     2.252 r  DISP_CONTROLLER/seg_out_OBUF[0]_inst_i_1/O
                         net (fo=1, routed)           0.593     2.845    seg_out_OBUF[0]
    T10                  OBUF (Prop_obuf_I_O)         1.277     4.123 r  seg_out_OBUF[0]_inst/O
                         net (fo=0)                   0.000     4.123    seg_out[0]
    T10                                                               r  seg_out[0] (OUT)
  -------------------------------------------------------------------    -------------------

Slack:                    inf
  Source:                 DISP_CONTROLLER/display_counter_reg[0]/C
                            (rising edge-triggered cell FDCE clocked by sys_clk_pin  {rise@0.000ns fall@5.000ns period=10.000ns})
  Destination:            seg_out[2]
                            (output port)
  Path Group:             (none)
  Path Type:              Min at Fast Process Corner
  Data Path Delay:        2.664ns  (logic 1.425ns (53.498%)  route 1.239ns (46.502%))
  Logic Levels:           3  (LUT4=1 LUT6=1 OBUF=1)
  Clock Uncertainty:      0.025ns  ((TSJ^2 + TIJ^2)^1/2 + DJ) / 2 + PE
    Total System Jitter     (TSJ):    0.050ns
    Total Input Jitter      (TIJ):    0.000ns
    Discrete Jitter          (DJ):    0.000ns
    Phase Error              (PE):    0.000ns

    Location             Delay type                Incr(ns)  Path(ns)    Netlist Resource(s)
  -------------------------------------------------------------------    -------------------
                         (clock sys_clk_pin rise edge)
                                                      0.000     0.000 r  
    E3                                                0.000     0.000 r  clk (IN)
                         net (fo=0)                   0.000     0.000    clk
    E3                   IBUF (Prop_ibuf_I_O)         0.250     0.250 r  clk_IBUF_inst/O
                         net (fo=1, routed)           0.644     0.894    clk_IBUF
    BUFGCTRL_X0Y16       BUFG (Prop_bufg_I_O)         0.026     0.920 r  clk_IBUF_BUFG_inst/O
                         net (fo=22, routed)          0.594     1.513    DISP_CONTROLLER/clk_IBUF_BUFG
    SLICE_X1Y71          FDCE                                         r  DISP_CONTROLLER/display_counter_reg[0]/C
  -------------------------------------------------------------------    -------------------
    SLICE_X1Y71          FDCE (Prop_fdce_C_Q)         0.141     1.654 r  DISP_CONTROLLER/display_counter_reg[0]/Q
                         net (fo=21, routed)          0.267     1.922    DISP_CONTROLLER/display_counter_reg_n_0_[0]
    SLICE_X1Y70          LUT6 (Prop_lut6_I2_O)        0.045     1.967 r  DISP_CONTROLLER/seg_out_OBUF[6]_inst_i_2/O
                         net (fo=7, routed)           0.244     2.211    DISP_CONTROLLER/sel0[3]
    SLICE_X0Y70          LUT4 (Prop_lut4_I0_O)        0.045     2.256 r  DISP_CONTROLLER/seg_out_OBUF[2]_inst_i_1/O
                         net (fo=1, routed)           0.727     2.983    seg_out_OBUF[2]
    K16                  OBUF (Prop_obuf_I_O)         1.194     4.178 r  seg_out_OBUF[2]_inst/O
                         net (fo=0)                   0.000     4.178    seg_out[2]
    K16                                                               r  seg_out[2] (OUT)
  -------------------------------------------------------------------    -------------------

Slack:                    inf
  Source:                 DISP_CONTROLLER/display_counter_reg[0]/C
                            (rising edge-triggered cell FDCE clocked by sys_clk_pin  {rise@0.000ns fall@5.000ns period=10.000ns})
  Destination:            seg_out[6]
                            (output port)
  Path Group:             (none)
  Path Type:              Min at Fast Process Corner
  Data Path Delay:        2.709ns  (logic 1.469ns (54.237%)  route 1.240ns (45.763%))
  Logic Levels:           3  (LUT4=1 LUT6=1 OBUF=1)
  Clock Uncertainty:      0.025ns  ((TSJ^2 + TIJ^2)^1/2 + DJ) / 2 + PE
    Total System Jitter     (TSJ):    0.050ns
    Total Input Jitter      (TIJ):    0.000ns
    Discrete Jitter          (DJ):    0.000ns
    Phase Error              (PE):    0.000ns

    Location             Delay type                Incr(ns)  Path(ns)    Netlist Resource(s)
  -------------------------------------------------------------------    -------------------
                         (clock sys_clk_pin rise edge)
                                                      0.000     0.000 r  
    E3                                                0.000     0.000 r  clk (IN)
                         net (fo=0)                   0.000     0.000    clk
    E3                   IBUF (Prop_ibuf_I_O)         0.250     0.250 r  clk_IBUF_inst/O
                         net (fo=1, routed)           0.644     0.894    clk_IBUF
    BUFGCTRL_X0Y16       BUFG (Prop_bufg_I_O)         0.026     0.920 r  clk_IBUF_BUFG_inst/O
                         net (fo=22, routed)          0.594     1.513    DISP_CONTROLLER/clk_IBUF_BUFG
    SLICE_X1Y71          FDCE                                         r  DISP_CONTROLLER/display_counter_reg[0]/C
  -------------------------------------------------------------------    -------------------
    SLICE_X1Y71          FDCE (Prop_fdce_C_Q)         0.141     1.654 r  DISP_CONTROLLER/display_counter_reg[0]/Q
                         net (fo=21, routed)          0.267     1.922    DISP_CONTROLLER/display_counter_reg_n_0_[0]
    SLICE_X1Y70          LUT6 (Prop_lut6_I2_O)        0.045     1.967 r  DISP_CONTROLLER/seg_out_OBUF[6]_inst_i_2/O
                         net (fo=7, routed)           0.267     2.234    DISP_CONTROLLER/sel0[3]
    SLICE_X0Y70          LUT4 (Prop_lut4_I0_O)        0.045     2.279 r  DISP_CONTROLLER/seg_out_OBUF[6]_inst_i_1/O
                         net (fo=1, routed)           0.705     2.984    seg_out_OBUF[6]
    L18                  OBUF (Prop_obuf_I_O)         1.238     4.222 r  seg_out_OBUF[6]_inst/O
                         net (fo=0)                   0.000     4.222    seg_out[6]
    L18                                                               r  seg_out[6] (OUT)
  -------------------------------------------------------------------    -------------------





--------------------------------------------------------------------------------------
Path Group:  (none)
From Clock:  
  To Clock:  sys_clk_pin

Max Delay            22 Endpoints
Min Delay            22 Endpoints
--------------------------------------------------------------------------------------


Max Delay Paths
--------------------------------------------------------------------------------------
Slack:                    inf
  Source:                 reset_n
                            (input port)
  Destination:            FREQ_GENERATOR/counter_reg[0]/CLR
                            (recovery check against rising-edge clock sys_clk_pin  {rise@0.000ns fall@5.000ns period=10.000ns})
  Path Group:             (none)
  Path Type:              Recovery (Max at Slow Process Corner)
  Data Path Delay:        6.557ns  (logic 1.631ns (24.873%)  route 4.926ns (75.127%))
  Logic Levels:           2  (IBUF=1 LUT1=1)
  Clock Path Skew:        5.016ns (DCD - SCD + CPR)
    Destination Clock Delay (DCD):    5.016ns
    Source Clock Delay      (SCD):    0.000ns
    Clock Pessimism Removal (CPR):    0.000ns
  Clock Uncertainty:      0.025ns  ((TSJ^2 + TIJ^2)^1/2 + DJ) / 2 + PE
    Total System Jitter     (TSJ):    0.050ns
    Total Input Jitter      (TIJ):    0.000ns
    Discrete Jitter          (DJ):    0.000ns
    Phase Error              (PE):    0.000ns

    Location             Delay type                Incr(ns)  Path(ns)    Netlist Resource(s)
  -------------------------------------------------------------------    -------------------
    C12                                               0.000     0.000 r  reset_n (IN)
                         net (fo=0)                   0.000     0.000    reset_n
    C12                  IBUF (Prop_ibuf_I_O)         1.507     1.507 r  reset_n_IBUF_inst/O
                         net (fo=1, routed)           3.499     5.006    DISP_CONTROLLER/reset_n_IBUF
    SLICE_X0Y76          LUT1 (Prop_lut1_I0_O)        0.124     5.130 f  DISP_CONTROLLER/display_counter[2]_i_2/O
                         net (fo=22, routed)          1.428     6.557    FREQ_GENERATOR/counter_reg[18]_0
    SLICE_X0Y71          FDCE                                         f  FREQ_GENERATOR/counter_reg[0]/CLR
  -------------------------------------------------------------------    -------------------

                         (clock sys_clk_pin rise edge)
                                                      0.000     0.000 r  
    E3                                                0.000     0.000 r  clk (IN)
                         net (fo=0)                   0.000     0.000    clk
    E3                   IBUF (Prop_ibuf_I_O)         1.411     1.411 r  clk_IBUF_inst/O
                         net (fo=1, routed)           1.920     3.331    clk_IBUF
    BUFGCTRL_X0Y16       BUFG (Prop_bufg_I_O)         0.091     3.422 r  clk_IBUF_BUFG_inst/O
                         net (fo=22, routed)          1.593     5.016    FREQ_GENERATOR/clk
    SLICE_X0Y71          FDCE                                         r  FREQ_GENERATOR/counter_reg[0]/C

Slack:                    inf
  Source:                 reset_n
                            (input port)
  Destination:            FREQ_GENERATOR/counter_reg[1]/CLR
                            (recovery check against rising-edge clock sys_clk_pin  {rise@0.000ns fall@5.000ns period=10.000ns})
  Path Group:             (none)
  Path Type:              Recovery (Max at Slow Process Corner)
  Data Path Delay:        6.557ns  (logic 1.631ns (24.873%)  route 4.926ns (75.127%))
  Logic Levels:           2  (IBUF=1 LUT1=1)
  Clock Path Skew:        5.016ns (DCD - SCD + CPR)
    Destination Clock Delay (DCD):    5.016ns
    Source Clock Delay      (SCD):    0.000ns
    Clock Pessimism Removal (CPR):    0.000ns
  Clock Uncertainty:      0.025ns  ((TSJ^2 + TIJ^2)^1/2 + DJ) / 2 + PE
    Total System Jitter     (TSJ):    0.050ns
    Total Input Jitter      (TIJ):    0.000ns
    Discrete Jitter          (DJ):    0.000ns
    Phase Error              (PE):    0.000ns

    Location             Delay type                Incr(ns)  Path(ns)    Netlist Resource(s)
  -------------------------------------------------------------------    -------------------
    C12                                               0.000     0.000 r  reset_n (IN)
                         net (fo=0)                   0.000     0.000    reset_n
    C12                  IBUF (Prop_ibuf_I_O)         1.507     1.507 r  reset_n_IBUF_inst/O
                         net (fo=1, routed)           3.499     5.006    DISP_CONTROLLER/reset_n_IBUF
    SLICE_X0Y76          LUT1 (Prop_lut1_I0_O)        0.124     5.130 f  DISP_CONTROLLER/display_counter[2]_i_2/O
                         net (fo=22, routed)          1.428     6.557    FREQ_GENERATOR/counter_reg[18]_0
    SLICE_X0Y71          FDCE                                         f  FREQ_GENERATOR/counter_reg[1]/CLR
  -------------------------------------------------------------------    -------------------

                         (clock sys_clk_pin rise edge)
                                                      0.000     0.000 r  
    E3                                                0.000     0.000 r  clk (IN)
                         net (fo=0)                   0.000     0.000    clk
    E3                   IBUF (Prop_ibuf_I_O)         1.411     1.411 r  clk_IBUF_inst/O
                         net (fo=1, routed)           1.920     3.331    clk_IBUF
    BUFGCTRL_X0Y16       BUFG (Prop_bufg_I_O)         0.091     3.422 r  clk_IBUF_BUFG_inst/O
                         net (fo=22, routed)          1.593     5.016    FREQ_GENERATOR/clk
    SLICE_X0Y71          FDCE                                         r  FREQ_GENERATOR/counter_reg[1]/C

Slack:                    inf
  Source:                 reset_n
                            (input port)
  Destination:            FREQ_GENERATOR/counter_reg[2]/CLR
                            (recovery check against rising-edge clock sys_clk_pin  {rise@0.000ns fall@5.000ns period=10.000ns})
  Path Group:             (none)
  Path Type:              Recovery (Max at Slow Process Corner)
  Data Path Delay:        6.557ns  (logic 1.631ns (24.873%)  route 4.926ns (75.127%))
  Logic Levels:           2  (IBUF=1 LUT1=1)
  Clock Path Skew:        5.016ns (DCD - SCD + CPR)
    Destination Clock Delay (DCD):    5.016ns
    Source Clock Delay      (SCD):    0.000ns
    Clock Pessimism Removal (CPR):    0.000ns
  Clock Uncertainty:      0.025ns  ((TSJ^2 + TIJ^2)^1/2 + DJ) / 2 + PE
    Total System Jitter     (TSJ):    0.050ns
    Total Input Jitter      (TIJ):    0.000ns
    Discrete Jitter          (DJ):    0.000ns
    Phase Error              (PE):    0.000ns

    Location             Delay type                Incr(ns)  Path(ns)    Netlist Resource(s)
  -------------------------------------------------------------------    -------------------
    C12                                               0.000     0.000 r  reset_n (IN)
                         net (fo=0)                   0.000     0.000    reset_n
    C12                  IBUF (Prop_ibuf_I_O)         1.507     1.507 r  reset_n_IBUF_inst/O
                         net (fo=1, routed)           3.499     5.006    DISP_CONTROLLER/reset_n_IBUF
    SLICE_X0Y76          LUT1 (Prop_lut1_I0_O)        0.124     5.130 f  DISP_CONTROLLER/display_counter[2]_i_2/O
                         net (fo=22, routed)          1.428     6.557    FREQ_GENERATOR/counter_reg[18]_0
    SLICE_X0Y71          FDCE                                         f  FREQ_GENERATOR/counter_reg[2]/CLR
  -------------------------------------------------------------------    -------------------

                         (clock sys_clk_pin rise edge)
                                                      0.000     0.000 r  
    E3                                                0.000     0.000 r  clk (IN)
                         net (fo=0)                   0.000     0.000    clk
    E3                   IBUF (Prop_ibuf_I_O)         1.411     1.411 r  clk_IBUF_inst/O
                         net (fo=1, routed)           1.920     3.331    clk_IBUF
    BUFGCTRL_X0Y16       BUFG (Prop_bufg_I_O)         0.091     3.422 r  clk_IBUF_BUFG_inst/O
                         net (fo=22, routed)          1.593     5.016    FREQ_GENERATOR/clk
    SLICE_X0Y71          FDCE                                         r  FREQ_GENERATOR/counter_reg[2]/C

Slack:                    inf
  Source:                 reset_n
                            (input port)
  Destination:            FREQ_GENERATOR/counter_reg[3]/CLR
                            (recovery check against rising-edge clock sys_clk_pin  {rise@0.000ns fall@5.000ns period=10.000ns})
  Path Group:             (none)
  Path Type:              Recovery (Max at Slow Process Corner)
  Data Path Delay:        6.557ns  (logic 1.631ns (24.873%)  route 4.926ns (75.127%))
  Logic Levels:           2  (IBUF=1 LUT1=1)
  Clock Path Skew:        5.016ns (DCD - SCD + CPR)
    Destination Clock Delay (DCD):    5.016ns
    Source Clock Delay      (SCD):    0.000ns
    Clock Pessimism Removal (CPR):    0.000ns
  Clock Uncertainty:      0.025ns  ((TSJ^2 + TIJ^2)^1/2 + DJ) / 2 + PE
    Total System Jitter     (TSJ):    0.050ns
    Total Input Jitter      (TIJ):    0.000ns
    Discrete Jitter          (DJ):    0.000ns
    Phase Error              (PE):    0.000ns

    Location             Delay type                Incr(ns)  Path(ns)    Netlist Resource(s)
  -------------------------------------------------------------------    -------------------
    C12                                               0.000     0.000 r  reset_n (IN)
                         net (fo=0)                   0.000     0.000    reset_n
    C12                  IBUF (Prop_ibuf_I_O)         1.507     1.507 r  reset_n_IBUF_inst/O
                         net (fo=1, routed)           3.499     5.006    DISP_CONTROLLER/reset_n_IBUF
    SLICE_X0Y76          LUT1 (Prop_lut1_I0_O)        0.124     5.130 f  DISP_CONTROLLER/display_counter[2]_i_2/O
                         net (fo=22, routed)          1.428     6.557    FREQ_GENERATOR/counter_reg[18]_0
    SLICE_X0Y71          FDCE                                         f  FREQ_GENERATOR/counter_reg[3]/CLR
  -------------------------------------------------------------------    -------------------

                         (clock sys_clk_pin rise edge)
                                                      0.000     0.000 r  
    E3                                                0.000     0.000 r  clk (IN)
                         net (fo=0)                   0.000     0.000    clk
    E3                   IBUF (Prop_ibuf_I_O)         1.411     1.411 r  clk_IBUF_inst/O
                         net (fo=1, routed)           1.920     3.331    clk_IBUF
    BUFGCTRL_X0Y16       BUFG (Prop_bufg_I_O)         0.091     3.422 r  clk_IBUF_BUFG_inst/O
                         net (fo=22, routed)          1.593     5.016    FREQ_GENERATOR/clk
    SLICE_X0Y71          FDCE                                         r  FREQ_GENERATOR/counter_reg[3]/C

Slack:                    inf
  Source:                 reset_n
                            (input port)
  Destination:            DISP_CONTROLLER/display_counter_reg[0]/CLR
                            (recovery check against rising-edge clock sys_clk_pin  {rise@0.000ns fall@5.000ns period=10.000ns})
  Path Group:             (none)
  Path Type:              Recovery (Max at Slow Process Corner)
  Data Path Delay:        6.553ns  (logic 1.631ns (24.889%)  route 4.922ns (75.111%))
  Logic Levels:           2  (IBUF=1 LUT1=1)
  Clock Path Skew:        5.016ns (DCD - SCD + CPR)
    Destination Clock Delay (DCD):    5.016ns
    Source Clock Delay      (SCD):    0.000ns
    Clock Pessimism Removal (CPR):    0.000ns
  Clock Uncertainty:      0.025ns  ((TSJ^2 + TIJ^2)^1/2 + DJ) / 2 + PE
    Total System Jitter     (TSJ):    0.050ns
    Total Input Jitter      (TIJ):    0.000ns
    Discrete Jitter          (DJ):    0.000ns
    Phase Error              (PE):    0.000ns

    Location             Delay type                Incr(ns)  Path(ns)    Netlist Resource(s)
  -------------------------------------------------------------------    -------------------
    C12                                               0.000     0.000 r  reset_n (IN)
                         net (fo=0)                   0.000     0.000    reset_n
    C12                  IBUF (Prop_ibuf_I_O)         1.507     1.507 r  reset_n_IBUF_inst/O
                         net (fo=1, routed)           3.499     5.006    DISP_CONTROLLER/reset_n_IBUF
    SLICE_X0Y76          LUT1 (Prop_lut1_I0_O)        0.124     5.130 f  DISP_CONTROLLER/display_counter[2]_i_2/O
                         net (fo=22, routed)          1.423     6.553    DISP_CONTROLLER/reset_n
    SLICE_X1Y71          FDCE                                         f  DISP_CONTROLLER/display_counter_reg[0]/CLR
  -------------------------------------------------------------------    -------------------

                         (clock sys_clk_pin rise edge)
                                                      0.000     0.000 r  
    E3                                                0.000     0.000 r  clk (IN)
                         net (fo=0)                   0.000     0.000    clk
    E3                   IBUF (Prop_ibuf_I_O)         1.411     1.411 r  clk_IBUF_inst/O
                         net (fo=1, routed)           1.920     3.331    clk_IBUF
    BUFGCTRL_X0Y16       BUFG (Prop_bufg_I_O)         0.091     3.422 r  clk_IBUF_BUFG_inst/O
                         net (fo=22, routed)          1.593     5.016    DISP_CONTROLLER/clk_IBUF_BUFG
    SLICE_X1Y71          FDCE                                         r  DISP_CONTROLLER/display_counter_reg[0]/C

Slack:                    inf
  Source:                 reset_n
                            (input port)
  Destination:            FREQ_GENERATOR/counter_reg[4]/CLR
                            (recovery check against rising-edge clock sys_clk_pin  {rise@0.000ns fall@5.000ns period=10.000ns})
  Path Group:             (none)
  Path Type:              Recovery (Max at Slow Process Corner)
  Data Path Delay:        6.417ns  (logic 1.631ns (25.419%)  route 4.786ns (74.581%))
  Logic Levels:           2  (IBUF=1 LUT1=1)
  Clock Path Skew:        5.014ns (DCD - SCD + CPR)
    Destination Clock Delay (DCD):    5.014ns
    Source Clock Delay      (SCD):    0.000ns
    Clock Pessimism Removal (CPR):    0.000ns
  Clock Uncertainty:      0.025ns  ((TSJ^2 + TIJ^2)^1/2 + DJ) / 2 + PE
    Total System Jitter     (TSJ):    0.050ns
    Total Input Jitter      (TIJ):    0.000ns
    Discrete Jitter          (DJ):    0.000ns
    Phase Error              (PE):    0.000ns

    Location             Delay type                Incr(ns)  Path(ns)    Netlist Resource(s)
  -------------------------------------------------------------------    -------------------
    C12                                               0.000     0.000 r  reset_n (IN)
                         net (fo=0)                   0.000     0.000    reset_n
    C12                  IBUF (Prop_ibuf_I_O)         1.507     1.507 r  reset_n_IBUF_inst/O
                         net (fo=1, routed)           3.499     5.006    DISP_CONTROLLER/reset_n_IBUF
    SLICE_X0Y76          LUT1 (Prop_lut1_I0_O)        0.124     5.130 f  DISP_CONTROLLER/display_counter[2]_i_2/O
                         net (fo=22, routed)          1.287     6.417    FREQ_GENERATOR/counter_reg[18]_0
    SLICE_X0Y72          FDCE                                         f  FREQ_GENERATOR/counter_reg[4]/CLR
  -------------------------------------------------------------------    -------------------

                         (clock sys_clk_pin rise edge)
                                                      0.000     0.000 r  
    E3                                                0.000     0.000 r  clk (IN)
                         net (fo=0)                   0.000     0.000    clk
    E3                   IBUF (Prop_ibuf_I_O)         1.411     1.411 r  clk_IBUF_inst/O
                         net (fo=1, routed)           1.920     3.331    clk_IBUF
    BUFGCTRL_X0Y16       BUFG (Prop_bufg_I_O)         0.091     3.422 r  clk_IBUF_BUFG_inst/O
                         net (fo=22, routed)          1.591     5.014    FREQ_GENERATOR/clk
    SLICE_X0Y72          FDCE                                         r  FREQ_GENERATOR/counter_reg[4]/C

Slack:                    inf
  Source:                 reset_n
                            (input port)
  Destination:            FREQ_GENERATOR/counter_reg[5]/CLR
                            (recovery check against rising-edge clock sys_clk_pin  {rise@0.000ns fall@5.000ns period=10.000ns})
  Path Group:             (none)
  Path Type:              Recovery (Max at Slow Process Corner)
  Data Path Delay:        6.417ns  (logic 1.631ns (25.419%)  route 4.786ns (74.581%))
  Logic Levels:           2  (IBUF=1 LUT1=1)
  Clock Path Skew:        5.014ns (DCD - SCD + CPR)
    Destination Clock Delay (DCD):    5.014ns
    Source Clock Delay      (SCD):    0.000ns
    Clock Pessimism Removal (CPR):    0.000ns
  Clock Uncertainty:      0.025ns  ((TSJ^2 + TIJ^2)^1/2 + DJ) / 2 + PE
    Total System Jitter     (TSJ):    0.050ns
    Total Input Jitter      (TIJ):    0.000ns
    Discrete Jitter          (DJ):    0.000ns
    Phase Error              (PE):    0.000ns

    Location             Delay type                Incr(ns)  Path(ns)    Netlist Resource(s)
  -------------------------------------------------------------------    -------------------
    C12                                               0.000     0.000 r  reset_n (IN)
                         net (fo=0)                   0.000     0.000    reset_n
    C12                  IBUF (Prop_ibuf_I_O)         1.507     1.507 r  reset_n_IBUF_inst/O
                         net (fo=1, routed)           3.499     5.006    DISP_CONTROLLER/reset_n_IBUF
    SLICE_X0Y76          LUT1 (Prop_lut1_I0_O)        0.124     5.130 f  DISP_CONTROLLER/display_counter[2]_i_2/O
                         net (fo=22, routed)          1.287     6.417    FREQ_GENERATOR/counter_reg[18]_0
    SLICE_X0Y72          FDCE                                         f  FREQ_GENERATOR/counter_reg[5]/CLR
  -------------------------------------------------------------------    -------------------

                         (clock sys_clk_pin rise edge)
                                                      0.000     0.000 r  
    E3                                                0.000     0.000 r  clk (IN)
                         net (fo=0)                   0.000     0.000    clk
    E3                   IBUF (Prop_ibuf_I_O)         1.411     1.411 r  clk_IBUF_inst/O
                         net (fo=1, routed)           1.920     3.331    clk_IBUF
    BUFGCTRL_X0Y16       BUFG (Prop_bufg_I_O)         0.091     3.422 r  clk_IBUF_BUFG_inst/O
                         net (fo=22, routed)          1.591     5.014    FREQ_GENERATOR/clk
    SLICE_X0Y72          FDCE                                         r  FREQ_GENERATOR/counter_reg[5]/C

Slack:                    inf
  Source:                 reset_n
                            (input port)
  Destination:            FREQ_GENERATOR/counter_reg[6]/CLR
                            (recovery check against rising-edge clock sys_clk_pin  {rise@0.000ns fall@5.000ns period=10.000ns})
  Path Group:             (none)
  Path Type:              Recovery (Max at Slow Process Corner)
  Data Path Delay:        6.417ns  (logic 1.631ns (25.419%)  route 4.786ns (74.581%))
  Logic Levels:           2  (IBUF=1 LUT1=1)
  Clock Path Skew:        5.014ns (DCD - SCD + CPR)
    Destination Clock Delay (DCD):    5.014ns
    Source Clock Delay      (SCD):    0.000ns
    Clock Pessimism Removal (CPR):    0.000ns
  Clock Uncertainty:      0.025ns  ((TSJ^2 + TIJ^2)^1/2 + DJ) / 2 + PE
    Total System Jitter     (TSJ):    0.050ns
    Total Input Jitter      (TIJ):    0.000ns
    Discrete Jitter          (DJ):    0.000ns
    Phase Error              (PE):    0.000ns

    Location             Delay type                Incr(ns)  Path(ns)    Netlist Resource(s)
  -------------------------------------------------------------------    -------------------
    C12                                               0.000     0.000 r  reset_n (IN)
                         net (fo=0)                   0.000     0.000    reset_n
    C12                  IBUF (Prop_ibuf_I_O)         1.507     1.507 r  reset_n_IBUF_inst/O
                         net (fo=1, routed)           3.499     5.006    DISP_CONTROLLER/reset_n_IBUF
    SLICE_X0Y76          LUT1 (Prop_lut1_I0_O)        0.124     5.130 f  DISP_CONTROLLER/display_counter[2]_i_2/O
                         net (fo=22, routed)          1.287     6.417    FREQ_GENERATOR/counter_reg[18]_0
    SLICE_X0Y72          FDCE                                         f  FREQ_GENERATOR/counter_reg[6]/CLR
  -------------------------------------------------------------------    -------------------

                         (clock sys_clk_pin rise edge)
                                                      0.000     0.000 r  
    E3                                                0.000     0.000 r  clk (IN)
                         net (fo=0)                   0.000     0.000    clk
    E3                   IBUF (Prop_ibuf_I_O)         1.411     1.411 r  clk_IBUF_inst/O
                         net (fo=1, routed)           1.920     3.331    clk_IBUF
    BUFGCTRL_X0Y16       BUFG (Prop_bufg_I_O)         0.091     3.422 r  clk_IBUF_BUFG_inst/O
                         net (fo=22, routed)          1.591     5.014    FREQ_GENERATOR/clk
    SLICE_X0Y72          FDCE                                         r  FREQ_GENERATOR/counter_reg[6]/C

Slack:                    inf
  Source:                 reset_n
                            (input port)
  Destination:            FREQ_GENERATOR/counter_reg[7]/CLR
                            (recovery check against rising-edge clock sys_clk_pin  {rise@0.000ns fall@5.000ns period=10.000ns})
  Path Group:             (none)
  Path Type:              Recovery (Max at Slow Process Corner)
  Data Path Delay:        6.417ns  (logic 1.631ns (25.419%)  route 4.786ns (74.581%))
  Logic Levels:           2  (IBUF=1 LUT1=1)
  Clock Path Skew:        5.014ns (DCD - SCD + CPR)
    Destination Clock Delay (DCD):    5.014ns
    Source Clock Delay      (SCD):    0.000ns
    Clock Pessimism Removal (CPR):    0.000ns
  Clock Uncertainty:      0.025ns  ((TSJ^2 + TIJ^2)^1/2 + DJ) / 2 + PE
    Total System Jitter     (TSJ):    0.050ns
    Total Input Jitter      (TIJ):    0.000ns
    Discrete Jitter          (DJ):    0.000ns
    Phase Error              (PE):    0.000ns

    Location             Delay type                Incr(ns)  Path(ns)    Netlist Resource(s)
  -------------------------------------------------------------------    -------------------
    C12                                               0.000     0.000 r  reset_n (IN)
                         net (fo=0)                   0.000     0.000    reset_n
    C12                  IBUF (Prop_ibuf_I_O)         1.507     1.507 r  reset_n_IBUF_inst/O
                         net (fo=1, routed)           3.499     5.006    DISP_CONTROLLER/reset_n_IBUF
    SLICE_X0Y76          LUT1 (Prop_lut1_I0_O)        0.124     5.130 f  DISP_CONTROLLER/display_counter[2]_i_2/O
                         net (fo=22, routed)          1.287     6.417    FREQ_GENERATOR/counter_reg[18]_0
    SLICE_X0Y72          FDCE                                         f  FREQ_GENERATOR/counter_reg[7]/CLR
  -------------------------------------------------------------------    -------------------

                         (clock sys_clk_pin rise edge)
                                                      0.000     0.000 r  
    E3                                                0.000     0.000 r  clk (IN)
                         net (fo=0)                   0.000     0.000    clk
    E3                   IBUF (Prop_ibuf_I_O)         1.411     1.411 r  clk_IBUF_inst/O
                         net (fo=1, routed)           1.920     3.331    clk_IBUF
    BUFGCTRL_X0Y16       BUFG (Prop_bufg_I_O)         0.091     3.422 r  clk_IBUF_BUFG_inst/O
                         net (fo=22, routed)          1.591     5.014    FREQ_GENERATOR/clk
    SLICE_X0Y72          FDCE                                         r  FREQ_GENERATOR/counter_reg[7]/C

Slack:                    inf
  Source:                 reset_n
                            (input port)
  Destination:            DISP_CONTROLLER/display_counter_reg[1]/CLR
                            (recovery check against rising-edge clock sys_clk_pin  {rise@0.000ns fall@5.000ns period=10.000ns})
  Path Group:             (none)
  Path Type:              Recovery (Max at Slow Process Corner)
  Data Path Delay:        6.412ns  (logic 1.631ns (25.436%)  route 4.781ns (74.564%))
  Logic Levels:           2  (IBUF=1 LUT1=1)
  Clock Path Skew:        5.014ns (DCD - SCD + CPR)
    Destination Clock Delay (DCD):    5.014ns
    Source Clock Delay      (SCD):    0.000ns
    Clock Pessimism Removal (CPR):    0.000ns
  Clock Uncertainty:      0.025ns  ((TSJ^2 + TIJ^2)^1/2 + DJ) / 2 + PE
    Total System Jitter     (TSJ):    0.050ns
    Total Input Jitter      (TIJ):    0.000ns
    Discrete Jitter          (DJ):    0.000ns
    Phase Error              (PE):    0.000ns

    Location             Delay type                Incr(ns)  Path(ns)    Netlist Resource(s)
  -------------------------------------------------------------------    -------------------
    C12                                               0.000     0.000 r  reset_n (IN)
                         net (fo=0)                   0.000     0.000    reset_n
    C12                  IBUF (Prop_ibuf_I_O)         1.507     1.507 r  reset_n_IBUF_inst/O
                         net (fo=1, routed)           3.499     5.006    DISP_CONTROLLER/reset_n_IBUF
    SLICE_X0Y76          LUT1 (Prop_lut1_I0_O)        0.124     5.130 f  DISP_CONTROLLER/display_counter[2]_i_2/O
                         net (fo=22, routed)          1.282     6.412    DISP_CONTROLLER/reset_n
    SLICE_X1Y72          FDCE                                         f  DISP_CONTROLLER/display_counter_reg[1]/CLR
  -------------------------------------------------------------------    -------------------

                         (clock sys_clk_pin rise edge)
                                                      0.000     0.000 r  
    E3                                                0.000     0.000 r  clk (IN)
                         net (fo=0)                   0.000     0.000    clk
    E3                   IBUF (Prop_ibuf_I_O)         1.411     1.411 r  clk_IBUF_inst/O
                         net (fo=1, routed)           1.920     3.331    clk_IBUF
    BUFGCTRL_X0Y16       BUFG (Prop_bufg_I_O)         0.091     3.422 r  clk_IBUF_BUFG_inst/O
                         net (fo=22, routed)          1.591     5.014    DISP_CONTROLLER/clk_IBUF_BUFG
    SLICE_X1Y72          FDCE                                         r  DISP_CONTROLLER/display_counter_reg[1]/C





Min Delay Paths
--------------------------------------------------------------------------------------
Slack:                    inf
  Source:                 reset_n
                            (input port)
  Destination:            FREQ_GENERATOR/counter_reg[16]/CLR
                            (removal check against rising-edge clock sys_clk_pin  {rise@0.000ns fall@5.000ns period=10.000ns})
  Path Group:             (none)
  Path Type:              Removal (Min at Fast Process Corner)
  Data Path Delay:        2.158ns  (logic 0.320ns (14.810%)  route 1.838ns (85.190%))
  Logic Levels:           2  (IBUF=1 LUT1=1)
  Clock Path Skew:        2.026ns (DCD - SCD - CPR)
    Destination Clock Delay (DCD):    2.026ns
    Source Clock Delay      (SCD):    0.000ns
    Clock Pessimism Removal (CPR):    -0.000ns

    Location             Delay type                Incr(ns)  Path(ns)    Netlist Resource(s)
  -------------------------------------------------------------------    -------------------
    C12                                               0.000     0.000 r  reset_n (IN)
                         net (fo=0)                   0.000     0.000    reset_n
    C12                  IBUF (Prop_ibuf_I_O)         0.275     0.275 r  reset_n_IBUF_inst/O
                         net (fo=1, routed)           1.443     1.717    DISP_CONTROLLER/reset_n_IBUF
    SLICE_X0Y76          LUT1 (Prop_lut1_I0_O)        0.045     1.762 f  DISP_CONTROLLER/display_counter[2]_i_2/O
                         net (fo=22, routed)          0.395     2.158    FREQ_GENERATOR/counter_reg[18]_0
    SLICE_X0Y75          FDCE                                         f  FREQ_GENERATOR/counter_reg[16]/CLR
  -------------------------------------------------------------------    -------------------

                         (clock sys_clk_pin rise edge)
                                                      0.000     0.000 r  
    E3                                                0.000     0.000 r  clk (IN)
                         net (fo=0)                   0.000     0.000    clk
    E3                   IBUF (Prop_ibuf_I_O)         0.438     0.438 r  clk_IBUF_inst/O
                         net (fo=1, routed)           0.699     1.136    clk_IBUF
    BUFGCTRL_X0Y16       BUFG (Prop_bufg_I_O)         0.029     1.165 r  clk_IBUF_BUFG_inst/O
                         net (fo=22, routed)          0.861     2.026    FREQ_GENERATOR/clk
    SLICE_X0Y75          FDCE                                         r  FREQ_GENERATOR/counter_reg[16]/C

Slack:                    inf
  Source:                 reset_n
                            (input port)
  Destination:            FREQ_GENERATOR/counter_reg[17]/CLR
                            (removal check against rising-edge clock sys_clk_pin  {rise@0.000ns fall@5.000ns period=10.000ns})
  Path Group:             (none)
  Path Type:              Removal (Min at Fast Process Corner)
  Data Path Delay:        2.158ns  (logic 0.320ns (14.810%)  route 1.838ns (85.190%))
  Logic Levels:           2  (IBUF=1 LUT1=1)
  Clock Path Skew:        2.026ns (DCD - SCD - CPR)
    Destination Clock Delay (DCD):    2.026ns
    Source Clock Delay      (SCD):    0.000ns
    Clock Pessimism Removal (CPR):    -0.000ns

    Location             Delay type                Incr(ns)  Path(ns)    Netlist Resource(s)
  -------------------------------------------------------------------    -------------------
    C12                                               0.000     0.000 r  reset_n (IN)
                         net (fo=0)                   0.000     0.000    reset_n
    C12                  IBUF (Prop_ibuf_I_O)         0.275     0.275 r  reset_n_IBUF_inst/O
                         net (fo=1, routed)           1.443     1.717    DISP_CONTROLLER/reset_n_IBUF
    SLICE_X0Y76          LUT1 (Prop_lut1_I0_O)        0.045     1.762 f  DISP_CONTROLLER/display_counter[2]_i_2/O
                         net (fo=22, routed)          0.395     2.158    FREQ_GENERATOR/counter_reg[18]_0
    SLICE_X0Y75          FDCE                                         f  FREQ_GENERATOR/counter_reg[17]/CLR
  -------------------------------------------------------------------    -------------------

                         (clock sys_clk_pin rise edge)
                                                      0.000     0.000 r  
    E3                                                0.000     0.000 r  clk (IN)
                         net (fo=0)                   0.000     0.000    clk
    E3                   IBUF (Prop_ibuf_I_O)         0.438     0.438 r  clk_IBUF_inst/O
                         net (fo=1, routed)           0.699     1.136    clk_IBUF
    BUFGCTRL_X0Y16       BUFG (Prop_bufg_I_O)         0.029     1.165 r  clk_IBUF_BUFG_inst/O
                         net (fo=22, routed)          0.861     2.026    FREQ_GENERATOR/clk
    SLICE_X0Y75          FDCE                                         r  FREQ_GENERATOR/counter_reg[17]/C

Slack:                    inf
  Source:                 reset_n
                            (input port)
  Destination:            FREQ_GENERATOR/counter_reg[18]/CLR
                            (removal check against rising-edge clock sys_clk_pin  {rise@0.000ns fall@5.000ns period=10.000ns})
  Path Group:             (none)
  Path Type:              Removal (Min at Fast Process Corner)
  Data Path Delay:        2.158ns  (logic 0.320ns (14.810%)  route 1.838ns (85.190%))
  Logic Levels:           2  (IBUF=1 LUT1=1)
  Clock Path Skew:        2.026ns (DCD - SCD - CPR)
    Destination Clock Delay (DCD):    2.026ns
    Source Clock Delay      (SCD):    0.000ns
    Clock Pessimism Removal (CPR):    -0.000ns

    Location             Delay type                Incr(ns)  Path(ns)    Netlist Resource(s)
  -------------------------------------------------------------------    -------------------
    C12                                               0.000     0.000 r  reset_n (IN)
                         net (fo=0)                   0.000     0.000    reset_n
    C12                  IBUF (Prop_ibuf_I_O)         0.275     0.275 r  reset_n_IBUF_inst/O
                         net (fo=1, routed)           1.443     1.717    DISP_CONTROLLER/reset_n_IBUF
    SLICE_X0Y76          LUT1 (Prop_lut1_I0_O)        0.045     1.762 f  DISP_CONTROLLER/display_counter[2]_i_2/O
                         net (fo=22, routed)          0.395     2.158    FREQ_GENERATOR/counter_reg[18]_0
    SLICE_X0Y75          FDCE                                         f  FREQ_GENERATOR/counter_reg[18]/CLR
  -------------------------------------------------------------------    -------------------

                         (clock sys_clk_pin rise edge)
                                                      0.000     0.000 r  
    E3                                                0.000     0.000 r  clk (IN)
                         net (fo=0)                   0.000     0.000    clk
    E3                   IBUF (Prop_ibuf_I_O)         0.438     0.438 r  clk_IBUF_inst/O
                         net (fo=1, routed)           0.699     1.136    clk_IBUF
    BUFGCTRL_X0Y16       BUFG (Prop_bufg_I_O)         0.029     1.165 r  clk_IBUF_BUFG_inst/O
                         net (fo=22, routed)          0.861     2.026    FREQ_GENERATOR/clk
    SLICE_X0Y75          FDCE                                         r  FREQ_GENERATOR/counter_reg[18]/C

Slack:                    inf
  Source:                 reset_n
                            (input port)
  Destination:            FREQ_GENERATOR/counter_reg[12]/CLR
                            (removal check against rising-edge clock sys_clk_pin  {rise@0.000ns fall@5.000ns period=10.000ns})
  Path Group:             (none)
  Path Type:              Removal (Min at Fast Process Corner)
  Data Path Delay:        2.250ns  (logic 0.320ns (14.204%)  route 1.930ns (85.796%))
  Logic Levels:           2  (IBUF=1 LUT1=1)
  Clock Path Skew:        2.026ns (DCD - SCD - CPR)
    Destination Clock Delay (DCD):    2.026ns
    Source Clock Delay      (SCD):    0.000ns
    Clock Pessimism Removal (CPR):    -0.000ns

    Location             Delay type                Incr(ns)  Path(ns)    Netlist Resource(s)
  -------------------------------------------------------------------    -------------------
    C12                                               0.000     0.000 r  reset_n (IN)
                         net (fo=0)                   0.000     0.000    reset_n
    C12                  IBUF (Prop_ibuf_I_O)         0.275     0.275 r  reset_n_IBUF_inst/O
                         net (fo=1, routed)           1.443     1.717    DISP_CONTROLLER/reset_n_IBUF
    SLICE_X0Y76          LUT1 (Prop_lut1_I0_O)        0.045     1.762 f  DISP_CONTROLLER/display_counter[2]_i_2/O
                         net (fo=22, routed)          0.488     2.250    FREQ_GENERATOR/counter_reg[18]_0
    SLICE_X0Y74          FDCE                                         f  FREQ_GENERATOR/counter_reg[12]/CLR
  -------------------------------------------------------------------    -------------------

                         (clock sys_clk_pin rise edge)
                                                      0.000     0.000 r  
    E3                                                0.000     0.000 r  clk (IN)
                         net (fo=0)                   0.000     0.000    clk
    E3                   IBUF (Prop_ibuf_I_O)         0.438     0.438 r  clk_IBUF_inst/O
                         net (fo=1, routed)           0.699     1.136    clk_IBUF
    BUFGCTRL_X0Y16       BUFG (Prop_bufg_I_O)         0.029     1.165 r  clk_IBUF_BUFG_inst/O
                         net (fo=22, routed)          0.861     2.026    FREQ_GENERATOR/clk
    SLICE_X0Y74          FDCE                                         r  FREQ_GENERATOR/counter_reg[12]/C

Slack:                    inf
  Source:                 reset_n
                            (input port)
  Destination:            FREQ_GENERATOR/counter_reg[13]/CLR
                            (removal check against rising-edge clock sys_clk_pin  {rise@0.000ns fall@5.000ns period=10.000ns})
  Path Group:             (none)
  Path Type:              Removal (Min at Fast Process Corner)
  Data Path Delay:        2.250ns  (logic 0.320ns (14.204%)  route 1.930ns (85.796%))
  Logic Levels:           2  (IBUF=1 LUT1=1)
  Clock Path Skew:        2.026ns (DCD - SCD - CPR)
    Destination Clock Delay (DCD):    2.026ns
    Source Clock Delay      (SCD):    0.000ns
    Clock Pessimism Removal (CPR):    -0.000ns

    Location             Delay type                Incr(ns)  Path(ns)    Netlist Resource(s)
  -------------------------------------------------------------------    -------------------
    C12                                               0.000     0.000 r  reset_n (IN)
                         net (fo=0)                   0.000     0.000    reset_n
    C12                  IBUF (Prop_ibuf_I_O)         0.275     0.275 r  reset_n_IBUF_inst/O
                         net (fo=1, routed)           1.443     1.717    DISP_CONTROLLER/reset_n_IBUF
    SLICE_X0Y76          LUT1 (Prop_lut1_I0_O)        0.045     1.762 f  DISP_CONTROLLER/display_counter[2]_i_2/O
                         net (fo=22, routed)          0.488     2.250    FREQ_GENERATOR/counter_reg[18]_0
    SLICE_X0Y74          FDCE                                         f  FREQ_GENERATOR/counter_reg[13]/CLR
  -------------------------------------------------------------------    -------------------

                         (clock sys_clk_pin rise edge)
                                                      0.000     0.000 r  
    E3                                                0.000     0.000 r  clk (IN)
                         net (fo=0)                   0.000     0.000    clk
    E3                   IBUF (Prop_ibuf_I_O)         0.438     0.438 r  clk_IBUF_inst/O
                         net (fo=1, routed)           0.699     1.136    clk_IBUF
    BUFGCTRL_X0Y16       BUFG (Prop_bufg_I_O)         0.029     1.165 r  clk_IBUF_BUFG_inst/O
                         net (fo=22, routed)          0.861     2.026    FREQ_GENERATOR/clk
    SLICE_X0Y74          FDCE                                         r  FREQ_GENERATOR/counter_reg[13]/C

Slack:                    inf
  Source:                 reset_n
                            (input port)
  Destination:            FREQ_GENERATOR/counter_reg[14]/CLR
                            (removal check against rising-edge clock sys_clk_pin  {rise@0.000ns fall@5.000ns period=10.000ns})
  Path Group:             (none)
  Path Type:              Removal (Min at Fast Process Corner)
  Data Path Delay:        2.250ns  (logic 0.320ns (14.204%)  route 1.930ns (85.796%))
  Logic Levels:           2  (IBUF=1 LUT1=1)
  Clock Path Skew:        2.026ns (DCD - SCD - CPR)
    Destination Clock Delay (DCD):    2.026ns
    Source Clock Delay      (SCD):    0.000ns
    Clock Pessimism Removal (CPR):    -0.000ns

    Location             Delay type                Incr(ns)  Path(ns)    Netlist Resource(s)
  -------------------------------------------------------------------    -------------------
    C12                                               0.000     0.000 r  reset_n (IN)
                         net (fo=0)                   0.000     0.000    reset_n
    C12                  IBUF (Prop_ibuf_I_O)         0.275     0.275 r  reset_n_IBUF_inst/O
                         net (fo=1, routed)           1.443     1.717    DISP_CONTROLLER/reset_n_IBUF
    SLICE_X0Y76          LUT1 (Prop_lut1_I0_O)        0.045     1.762 f  DISP_CONTROLLER/display_counter[2]_i_2/O
                         net (fo=22, routed)          0.488     2.250    FREQ_GENERATOR/counter_reg[18]_0
    SLICE_X0Y74          FDCE                                         f  FREQ_GENERATOR/counter_reg[14]/CLR
  -------------------------------------------------------------------    -------------------

                         (clock sys_clk_pin rise edge)
                                                      0.000     0.000 r  
    E3                                                0.000     0.000 r  clk (IN)
                         net (fo=0)                   0.000     0.000    clk
    E3                   IBUF (Prop_ibuf_I_O)         0.438     0.438 r  clk_IBUF_inst/O
                         net (fo=1, routed)           0.699     1.136    clk_IBUF
    BUFGCTRL_X0Y16       BUFG (Prop_bufg_I_O)         0.029     1.165 r  clk_IBUF_BUFG_inst/O
                         net (fo=22, routed)          0.861     2.026    FREQ_GENERATOR/clk
    SLICE_X0Y74          FDCE                                         r  FREQ_GENERATOR/counter_reg[14]/C

Slack:                    inf
  Source:                 reset_n
                            (input port)
  Destination:            FREQ_GENERATOR/counter_reg[15]/CLR
                            (removal check against rising-edge clock sys_clk_pin  {rise@0.000ns fall@5.000ns period=10.000ns})
  Path Group:             (none)
  Path Type:              Removal (Min at Fast Process Corner)
  Data Path Delay:        2.250ns  (logic 0.320ns (14.204%)  route 1.930ns (85.796%))
  Logic Levels:           2  (IBUF=1 LUT1=1)
  Clock Path Skew:        2.026ns (DCD - SCD - CPR)
    Destination Clock Delay (DCD):    2.026ns
    Source Clock Delay      (SCD):    0.000ns
    Clock Pessimism Removal (CPR):    -0.000ns

    Location             Delay type                Incr(ns)  Path(ns)    Netlist Resource(s)
  -------------------------------------------------------------------    -------------------
    C12                                               0.000     0.000 r  reset_n (IN)
                         net (fo=0)                   0.000     0.000    reset_n
    C12                  IBUF (Prop_ibuf_I_O)         0.275     0.275 r  reset_n_IBUF_inst/O
                         net (fo=1, routed)           1.443     1.717    DISP_CONTROLLER/reset_n_IBUF
    SLICE_X0Y76          LUT1 (Prop_lut1_I0_O)        0.045     1.762 f  DISP_CONTROLLER/display_counter[2]_i_2/O
                         net (fo=22, routed)          0.488     2.250    FREQ_GENERATOR/counter_reg[18]_0
    SLICE_X0Y74          FDCE                                         f  FREQ_GENERATOR/counter_reg[15]/CLR
  -------------------------------------------------------------------    -------------------

                         (clock sys_clk_pin rise edge)
                                                      0.000     0.000 r  
    E3                                                0.000     0.000 r  clk (IN)
                         net (fo=0)                   0.000     0.000    clk
    E3                   IBUF (Prop_ibuf_I_O)         0.438     0.438 r  clk_IBUF_inst/O
                         net (fo=1, routed)           0.699     1.136    clk_IBUF
    BUFGCTRL_X0Y16       BUFG (Prop_bufg_I_O)         0.029     1.165 r  clk_IBUF_BUFG_inst/O
                         net (fo=22, routed)          0.861     2.026    FREQ_GENERATOR/clk
    SLICE_X0Y74          FDCE                                         r  FREQ_GENERATOR/counter_reg[15]/C

Slack:                    inf
  Source:                 reset_n
                            (input port)
  Destination:            FREQ_GENERATOR/counter_reg[10]/CLR
                            (removal check against rising-edge clock sys_clk_pin  {rise@0.000ns fall@5.000ns period=10.000ns})
  Path Group:             (none)
  Path Type:              Removal (Min at Fast Process Corner)
  Data Path Delay:        2.314ns  (logic 0.320ns (13.812%)  route 1.994ns (86.188%))
  Logic Levels:           2  (IBUF=1 LUT1=1)
  Clock Path Skew:        2.027ns (DCD - SCD - CPR)
    Destination Clock Delay (DCD):    2.027ns
    Source Clock Delay      (SCD):    0.000ns
    Clock Pessimism Removal (CPR):    -0.000ns

    Location             Delay type                Incr(ns)  Path(ns)    Netlist Resource(s)
  -------------------------------------------------------------------    -------------------
    C12                                               0.000     0.000 r  reset_n (IN)
                         net (fo=0)                   0.000     0.000    reset_n
    C12                  IBUF (Prop_ibuf_I_O)         0.275     0.275 r  reset_n_IBUF_inst/O
                         net (fo=1, routed)           1.443     1.717    DISP_CONTROLLER/reset_n_IBUF
    SLICE_X0Y76          LUT1 (Prop_lut1_I0_O)        0.045     1.762 f  DISP_CONTROLLER/display_counter[2]_i_2/O
                         net (fo=22, routed)          0.551     2.314    FREQ_GENERATOR/counter_reg[18]_0
    SLICE_X0Y73          FDCE                                         f  FREQ_GENERATOR/counter_reg[10]/CLR
  -------------------------------------------------------------------    -------------------

                         (clock sys_clk_pin rise edge)
                                                      0.000     0.000 r  
    E3                                                0.000     0.000 r  clk (IN)
                         net (fo=0)                   0.000     0.000    clk
    E3                   IBUF (Prop_ibuf_I_O)         0.438     0.438 r  clk_IBUF_inst/O
                         net (fo=1, routed)           0.699     1.136    clk_IBUF
    BUFGCTRL_X0Y16       BUFG (Prop_bufg_I_O)         0.029     1.165 r  clk_IBUF_BUFG_inst/O
                         net (fo=22, routed)          0.862     2.027    FREQ_GENERATOR/clk
    SLICE_X0Y73          FDCE                                         r  FREQ_GENERATOR/counter_reg[10]/C

Slack:                    inf
  Source:                 reset_n
                            (input port)
  Destination:            FREQ_GENERATOR/counter_reg[11]/CLR
                            (removal check against rising-edge clock sys_clk_pin  {rise@0.000ns fall@5.000ns period=10.000ns})
  Path Group:             (none)
  Path Type:              Removal (Min at Fast Process Corner)
  Data Path Delay:        2.314ns  (logic 0.320ns (13.812%)  route 1.994ns (86.188%))
  Logic Levels:           2  (IBUF=1 LUT1=1)
  Clock Path Skew:        2.027ns (DCD - SCD - CPR)
    Destination Clock Delay (DCD):    2.027ns
    Source Clock Delay      (SCD):    0.000ns
    Clock Pessimism Removal (CPR):    -0.000ns

    Location             Delay type                Incr(ns)  Path(ns)    Netlist Resource(s)
  -------------------------------------------------------------------    -------------------
    C12                                               0.000     0.000 r  reset_n (IN)
                         net (fo=0)                   0.000     0.000    reset_n
    C12                  IBUF (Prop_ibuf_I_O)         0.275     0.275 r  reset_n_IBUF_inst/O
                         net (fo=1, routed)           1.443     1.717    DISP_CONTROLLER/reset_n_IBUF
    SLICE_X0Y76          LUT1 (Prop_lut1_I0_O)        0.045     1.762 f  DISP_CONTROLLER/display_counter[2]_i_2/O
                         net (fo=22, routed)          0.551     2.314    FREQ_GENERATOR/counter_reg[18]_0
    SLICE_X0Y73          FDCE                                         f  FREQ_GENERATOR/counter_reg[11]/CLR
  -------------------------------------------------------------------    -------------------

                         (clock sys_clk_pin rise edge)
                                                      0.000     0.000 r  
    E3                                                0.000     0.000 r  clk (IN)
                         net (fo=0)                   0.000     0.000    clk
    E3                   IBUF (Prop_ibuf_I_O)         0.438     0.438 r  clk_IBUF_inst/O
                         net (fo=1, routed)           0.699     1.136    clk_IBUF
    BUFGCTRL_X0Y16       BUFG (Prop_bufg_I_O)         0.029     1.165 r  clk_IBUF_BUFG_inst/O
                         net (fo=22, routed)          0.862     2.027    FREQ_GENERATOR/clk
    SLICE_X0Y73          FDCE                                         r  FREQ_GENERATOR/counter_reg[11]/C

Slack:                    inf
  Source:                 reset_n
                            (input port)
  Destination:            FREQ_GENERATOR/counter_reg[8]/CLR
                            (removal check against rising-edge clock sys_clk_pin  {rise@0.000ns fall@5.000ns period=10.000ns})
  Path Group:             (none)
  Path Type:              Removal (Min at Fast Process Corner)
  Data Path Delay:        2.314ns  (logic 0.320ns (13.812%)  route 1.994ns (86.188%))
  Logic Levels:           2  (IBUF=1 LUT1=1)
  Clock Path Skew:        2.027ns (DCD - SCD - CPR)
    Destination Clock Delay (DCD):    2.027ns
    Source Clock Delay      (SCD):    0.000ns
    Clock Pessimism Removal (CPR):    -0.000ns

    Location             Delay type                Incr(ns)  Path(ns)    Netlist Resource(s)
  -------------------------------------------------------------------    -------------------
    C12                                               0.000     0.000 r  reset_n (IN)
                         net (fo=0)                   0.000     0.000    reset_n
    C12                  IBUF (Prop_ibuf_I_O)         0.275     0.275 r  reset_n_IBUF_inst/O
                         net (fo=1, routed)           1.443     1.717    DISP_CONTROLLER/reset_n_IBUF
    SLICE_X0Y76          LUT1 (Prop_lut1_I0_O)        0.045     1.762 f  DISP_CONTROLLER/display_counter[2]_i_2/O
                         net (fo=22, routed)          0.551     2.314    FREQ_GENERATOR/counter_reg[18]_0
    SLICE_X0Y73          FDCE                                         f  FREQ_GENERATOR/counter_reg[8]/CLR
  -------------------------------------------------------------------    -------------------

                         (clock sys_clk_pin rise edge)
                                                      0.000     0.000 r  
    E3                                                0.000     0.000 r  clk (IN)
                         net (fo=0)                   0.000     0.000    clk
    E3                   IBUF (Prop_ibuf_I_O)         0.438     0.438 r  clk_IBUF_inst/O
                         net (fo=1, routed)           0.699     1.136    clk_IBUF
    BUFGCTRL_X0Y16       BUFG (Prop_bufg_I_O)         0.029     1.165 r  clk_IBUF_BUFG_inst/O
                         net (fo=22, routed)          0.862     2.027    FREQ_GENERATOR/clk
    SLICE_X0Y73          FDCE                                         r  FREQ_GENERATOR/counter_reg[8]/C





